Workbook
Name Aufgabe: [1]Daten!$D$3:$D$128
Name FarbeA: #REF!
Name FarbeB: #REF!
Name FarbeC: #REF!
Name FarbeD: #REF!
Name FarbeE: #REF!

Sheet Summary
C4: Week Number | D4: 2
C7: General Summary
C8: Group | D8: Total Manday | E8: Total Manday x Progress | F8: Progress | G8: Total Manday x Progress Should be | H8: Progress Should be
B9: A | C9: Rectafications | D9: =+SUMIF('E2NS Terminplan'!I:I,B9,'E2NS Terminplan'!O:O) -> 2349 | E9: =+SUMIF('E2NS Terminplan'!I:I,B9,'E2NS Terminplan'!V:V) -> 214.83536 | F9: =+E9/D9 -> 0.091458222 | G9: =+SUMIF('E2NS Terminplan'!I:I,B9,'E2NS Terminplan'!Y:Y) -> 298 | H9: =+G9/D9 -> 0.12686249
B10: B | C10: Contract | D10: =+SUMIF('E2NS Terminplan'!I:I,B10,'E2NS Terminplan'!O:O) -> 1342 | E10: =+SUMIF('E2NS Terminplan'!I:I,B10,'E2NS Terminplan'!V:V) -> 80.453425 | F10: =+E10/D10 -> 0.059950391 | G10: =+SUMIF('E2NS Terminplan'!I:I,B10,'E2NS Terminplan'!Y:Y) -> 62 | H10: =+G10/D10 -> 0.046199702
B11: C | C11: NTA | D11: =+SUMIF('E2NS Terminplan'!I:I,B11,'E2NS Terminplan'!O:O) -> 522 | E11: =+SUMIF('E2NS Terminplan'!I:I,B11,'E2NS Terminplan'!V:V) -> 65.603687 | F11: =+E11/D11 -> 0.12567756 | G11: =+SUMIF('E2NS Terminplan'!I:I,B11,'E2NS Terminplan'!Y:Y) -> 45 | H11: =+G11/D11 -> 0.086206897
D12: =SUM(D9:D11) -> 4213 | E12: =SUM(E9:E11) -> 360.89247 | F12: =+E12/D12 -> 0.085661636 | G12: =SUM(G9:G11) -> 405 | H12: =+G12/D12 -> 0.096131023
C15: Group | D15: Total Manday | E15: Total Manday x Progress | F15: Progress | G15: Total Manday x Progress Should be | H15: Progress Should be
C16: E2N | D16: =SUM(D17:D19) -> 1610 | E16: =SUM(E17:E19) -> 204.18893 | F16: =+E16/D16 -> 0.12682542 | G16: =SUM(G17:G19) -> 294 | H16: =+IFERROR(G16/D16,"") -> 0.1826087
A17: 1 | B17: A | C17: Rectafications | D17: =+SUMIFS('E2NS Terminplan'!O:O,'E2NS Terminplan'!I:I,B17,'E2NS Terminplan'!B:B,A17) -> 1222 | E17: =+SUMIFS('E2NS Terminplan'!V:V,'E2NS Terminplan'!I:I,B17,'E2NS Terminplan'!B:B,A17) -> 164.18893 | F17: =+E17/D17 -> 0.13436083 | G17: =+SUMIFS('E2NS Terminplan'!Y:Y,'E2NS Terminplan'!I:I,B17,'E2NS Terminplan'!B:B,A17) -> 262 | H17: =+IFERROR(G17/D17,"") -> 0.21440262
A18: 1 | B18: B | C18: Contract | D18: =+SUMIFS('E2NS Terminplan'!O:O,'E2NS Terminplan'!I:I,B18,'E2NS Terminplan'!B:B,A18) -> 124 | E18: =+SUMIFS('E2NS Terminplan'!V:V,'E2NS Terminplan'!I:I,B18,'E2NS Terminplan'!B:B,A18) -> 40 | F18: =+E18/D18 -> 0.32258065 | G18: =+SUMIFS('E2NS Terminplan'!Y:Y,'E2NS Terminplan'!I:I,B18,'E2NS Terminplan'!B:B,A18) -> 32 | H18: =+IFERROR(G18/D18,"") -> 0.25806452
A19: 1 | B19: C | C19: NTA | D19: =+SUMIFS('E2NS Terminplan'!O:O,'E2NS Terminplan'!I:I,B19,'E2NS Terminplan'!B:B,A19) -> 264 | E19: =+SUMIFS('E2NS Terminplan'!V:V,'E2NS Terminplan'!I:I,B19,'E2NS Terminplan'!B:B,A19) -> 0 | F19: =+E19/D19 -> 0 | G19: =+SUMIFS('E2NS Terminplan'!Y:Y,'E2NS Terminplan'!I:I,B19,'E2NS Terminplan'!B:B,A19) -> 0 | H19: =+IFERROR(G19/D19,"") -> 0
C20: E2S Exterior | D20: =SUM(D21:D23) -> 1155 | E20: =SUM(E21:E23) -> 156.70354 | F20: =+E20/D20 -> 0.13567406 | G20: =SUM(G21:G23) -> 105 | H20: =+IFERROR(G20/D20,"") -> 0.090909091
A21: 2 | B21: A | C21: Rectafications | D21: =+SUMIFS('E2NS Terminplan'!O:O,'E2NS Terminplan'!I:I,B21,'E2NS Terminplan'!B:B,A21) -> 687 | E21: =+SUMIFS('E2NS Terminplan'!V:V,'E2NS Terminplan'!I:I,B21,'E2NS Terminplan'!B:B,A21) -> 50.646429 | F21: =+E21/D21 -> 0.073721148 | G21: =+SUMIFS('E2NS Terminplan'!Y:Y,'E2NS Terminplan'!I:I,B21,'E2NS Terminplan'!B:B,A21) -> 30 | H21: =+IFERROR(G21/D21,"") -> 0.043668122
A22: 2 | B22: B | C22: Contract | D22: =+SUMIFS('E2NS Terminplan'!O:O,'E2NS Terminplan'!I:I,B22,'E2NS Terminplan'!B:B,A22) -> 336 | E22: =+SUMIFS('E2NS Terminplan'!V:V,'E2NS Terminplan'!I:I,B22,'E2NS Terminplan'!B:B,A22) -> 40.453425 | F22: =+E22/D22 -> 0.1203971 | G22: =+SUMIFS('E2NS Terminplan'!Y:Y,'E2NS Terminplan'!I:I,B22,'E2NS Terminplan'!B:B,A22) -> 30 | H22: =+IFERROR(G22/D22,"") -> 0.089285714
A23: 2 | B23: C | C23: NTA | D23: =+SUMIFS('E2NS Terminplan'!O:O,'E2NS Terminplan'!I:I,B23,'E2NS Terminplan'!B:B,A23) -> 132 | E23: =+SUMIFS('E2NS Terminplan'!V:V,'E2NS Terminplan'!I:I,B23,'E2NS Terminplan'!B:B,A23) -> 65.603687 | F23: =+E23/D23 -> 0.49699763 | G23: =+SUMIFS('E2NS Terminplan'!Y:Y,'E2NS Terminplan'!I:I,B23,'E2NS Terminplan'!B:B,A23) -> 45 | H23: =+IFERROR(G23/D23,"") -> 0.34090909
C24: E2S Courtyard | D24: =SUM(D25:D27) -> 936 | E24: =SUM(E25:E27) -> 0 | F24: =+E24/D24 -> 0 | G24: =SUM(G25:G27) -> 6 | H24: =+IFERROR(G24/D24,"") -> 0.0064102564
A25: 3 | B25: A | C25: Rectafications | D25: =+SUMIFS('E2NS Terminplan'!O:O,'E2NS Terminplan'!I:I,B25,'E2NS Terminplan'!B:B,A25) -> 120 | E25: =+SUMIFS('E2NS Terminplan'!V:V,'E2NS Terminplan'!I:I,B25,'E2NS Terminplan'!B:B,A25) -> 0 | F25: =+E25/D25 -> 0 | G25: =+SUMIFS('E2NS Terminplan'!Y:Y,'E2NS Terminplan'!I:I,B25,'E2NS Terminplan'!B:B,A25) -> 6 | H25: =+IFERROR(G25/D25,"") -> 0.05
A26: 3 | B26: B | C26: Contract | D26: =+SUMIFS('E2NS Terminplan'!O:O,'E2NS Terminplan'!I:I,B26,'E2NS Terminplan'!B:B,A26) -> 714 | E26: =+SUMIFS('E2NS Terminplan'!V:V,'E2NS Terminplan'!I:I,B26,'E2NS Terminplan'!B:B,A26) -> 0 | F26: =+E26/D26 -> 0 | G26: =+SUMIFS('E2NS Terminplan'!Y:Y,'E2NS Terminplan'!I:I,B26,'E2NS Terminplan'!B:B,A26) -> 0 | H26: =+IFERROR(G26/D26,"") -> 0
A27: 3 | B27: C | C27: NTA | D27: =+SUMIFS('E2NS Terminplan'!O:O,'E2NS Terminplan'!I:I,B27,'E2NS Terminplan'!B:B,A27) -> 102 | E27: =+SUMIFS('E2NS Terminplan'!V:V,'E2NS Terminplan'!I:I,B27,'E2NS Terminplan'!B:B,A27) -> 0 | F27: =+E27/D27 -> 0 | G27: =+SUMIFS('E2NS Terminplan'!Y:Y,'E2NS Terminplan'!I:I,B27,'E2NS Terminplan'!B:B,A27) -> 0 | H27: =+IFERROR(G27/D27,"") -> 0
C28: E2S Interior | D28: =SUM(D29:D31) -> 512 | E28: =SUM(E29:E31) -> 0 | F28: =+E28/D28 -> 0 | G28: =SUM(G29:G31) -> 0 | H28: =+IFERROR(G28/D28,"") -> 0
A29: 4 | B29: A | C29: Rectafications | D29: =+SUMIFS('E2NS Terminplan'!O:O,'E2NS Terminplan'!I:I,B29,'E2NS Terminplan'!B:B,A29) -> 320 | E29: =+SUMIFS('E2NS Terminplan'!V:V,'E2NS Terminplan'!I:I,B29,'E2NS Terminplan'!B:B,A29) -> 0 | F29: =+E29/D29 -> 0 | G29: =+SUMIFS('E2NS Terminplan'!Y:Y,'E2NS Terminplan'!I:I,B29,'E2NS Terminplan'!B:B,A29) -> 0 | H29: =+IFERROR(G29/D29,"") -> 0
A30: 4 | B30: B | C30: Contract | D30: =+SUMIFS('E2NS Terminplan'!O:O,'E2NS Terminplan'!I:I,B30,'E2NS Terminplan'!B:B,A30) -> 168 | E30: =+SUMIFS('E2NS Terminplan'!V:V,'E2NS Terminplan'!I:I,B30,'E2NS Terminplan'!B:B,A30) -> 0 | F30: =+E30/D30 -> 0 | G30: =+SUMIFS('E2NS Terminplan'!Y:Y,'E2NS Terminplan'!I:I,B30,'E2NS Terminplan'!B:B,A30) -> 0 | H30: =+IFERROR(G30/D30,"") -> 0
A31: 4 | B31: C | C31: NTA | D31: =+SUMIFS('E2NS Terminplan'!O:O,'E2NS Terminplan'!I:I,B31,'E2NS Terminplan'!B:B,A31) -> 24 | E31: =+SUMIFS('E2NS Terminplan'!V:V,'E2NS Terminplan'!I:I,B31,'E2NS Terminplan'!B:B,A31) -> 0 | F31: =+E31/D31 -> 0 | G31: =+SUMIFS('E2NS Terminplan'!Y:Y,'E2NS Terminplan'!I:I,B31,'E2NS Terminplan'!B:B,A31) -> 0 | H31: =+IFERROR(G31/D31,"") -> 0
D32: =+D28+D24+D20+D16 -> 4213 | E32: =+E28+E24+E20+E16 -> 360.89247 | F32: =+E32/D32 -> 0.085661636 | G32: =+G28+G24+G20+G16 -> 405 | H32: =+IFERROR(G32/D32,"") -> 0.096131023

Sheet E2NS Terminplan
Z4: 45931 | AA4: =TEXT(AD9,"MMMM JJ") -> November 25 | AH4: =TEXT(AM9,"MMMM JJ") -> December 25 | AO4: =TEXT(AT9,"MMMM JJ") -> December 25 | AV4: =TEXT(BA9,"MMMM JJ") -> December 25 | BC4: =TEXT(BH9,"MMMM JJ") -> December 25 | BJ4: =TEXT(BO9,"MMMM JJ") -> January 26 | BQ4: =TEXT(BV9,"MMMM JJ") -> January 26 | BX4: =TEXT(CC9,"MMMM JJ") -> January 26 | CE4: =TEXT(CJ9,"MMMM JJ") -> January 26 | CL4: =TEXT(CQ9,"MMMM JJ") -> January 26 | CS4: =TEXT(CX9,"MMMM JJ") -> February 26 | CZ4: =TEXT(DE9,"MMMM JJ") -> February 26 | DG4: =TEXT(DL9,"MMMM JJ") -> February 26 | DN4: =TEXT(DS9,"MMMM JJ") -> February 26 | DU4: =TEXT(DZ9,"MMMM JJ") -> March 26 | EB4: =TEXT(EG9,"MMMM JJ") -> March 26 | EI4: =TEXT(EN9,"MMMM JJ") -> March 26 | EP4: =TEXT(EU9,"MMMM JJ") -> March 26 | EW4: =TEXT(FB9,"MMMM JJ") -> April 26 | FD4: =TEXT(FI9,"MMMM JJ") -> April 26 | FK4: =TEXT(FP9,"MMMM JJ") -> April 26 | FR4: =TEXT(FW9,"MMMM JJ") -> April 26 | FY4: =TEXT(GD9,"MMMM JJ") -> May 26 | GF4: =TEXT(GK9,"MMMM JJ") -> May 26 | GM4: =TEXT(GR9,"MMMM JJ") -> May 26 | GT4: =TEXT(GY9,"MMMM JJ") -> May 26 | HA4: =TEXT(HF9,"MMMM JJ") -> May 26 | HH4: =TEXT(HM9,"MMMM JJ") -> June 26 | HO4: =TEXT(HT9,"MMMM JJ") -> June 26 | HV4: =TEXT(IA9,"MMMM JJ") -> June 26 | IC4: =TEXT(IH9,"MMMM JJ") -> June 26 | IJ4: =TEXT(IO9,"MMMM JJ") -> July 26 | IQ4: =TEXT(IV9,"MMMM JJ") -> July 26 | IX4: =TEXT(JC9,"MMMM JJ") -> July 26 | JE4: =TEXT(JJ9,"MMMM JJ") -> July 26 | JL4: =TEXT(JQ9,"MMMM JJ") -> August 26 | JS4: =TEXT(JX9,"MMMM JJ") -> August 26 | JZ4: =TEXT(KE9,"MMMM JJ") -> August 26 | KG4: =TEXT(KL9,"MMMM JJ") -> August 26 | KN4: =TEXT(KS9,"MMMM JJ") -> August 26 | KU4: =TEXT(KZ9,"MMMM JJ") -> September 26 | LB4: =TEXT(LG9,"MMMM JJ") -> September 26 | LI4: =TEXT(LN9,"MMMM JJ") -> September 26 | LP4: =TEXT(LU9,"MMMM JJ") -> September 26 | LW4: =TEXT(MB9,"MMMM JJ") -> October 26 | MD4: =TEXT(MI9,"MMMM JJ") -> October 26 | MK4: =TEXT(MP9,"MMMM JJ") -> October 26 | MR4: =TEXT(MW9,"MMMM JJ") -> October 26 | MY4: =TEXT(ND9,"MMMM JJ") -> October 26 | NF4: =TEXT(NK9,"MMMM JJ") -> November 26 | NM4: =TEXT(NR9,"MMMM JJ") -> November 26 | NT4: =TEXT(NY9,"MMMM JJ") -> November 26
R5: E2NS | AA5: =WEEKNUM(AF9,21) -> 48 | AH5: =WEEKNUM(AM9,21) -> 49 | AO5: =WEEKNUM(AT9,21) -> 50 | AV5: =WEEKNUM(BA9,21) -> 51 | BC5: =WEEKNUM(BH9,21) -> 52 | BJ5: =WEEKNUM(BO9,21) -> 1 | BQ5: =WEEKNUM(BV9,21) -> 2 | BX5: =WEEKNUM(CC9,21) -> 3 | CE5: =WEEKNUM(CJ9,21) -> 4 | CL5: =WEEKNUM(CQ9,21) -> 5 | CS5: =WEEKNUM(CX9,21) -> 6 | CZ5: =WEEKNUM(DE9,21) -> 7 | DG5: =WEEKNUM(DL9,21) -> 8 | DN5: =WEEKNUM(DS9,21) -> 9 | DU5: =WEEKNUM(DZ9,21) -> 10 | EB5: =WEEKNUM(EG9,21) -> 11 | EI5: =WEEKNUM(EN9,21) -> 12 | EP5: =WEEKNUM(EU9,21) -> 13 | EW5: =WEEKNUM(FB9,21) -> 14 | FD5: =WEEKNUM(FI9,21) -> 15 | FK5: =WEEKNUM(FP9,21) -> 16 | FR5: =WEEKNUM(FW9,21) -> 17 | FY5: =WEEKNUM(GD9,21) -> 18 | GF5: =WEEKNUM(GK9,21) -> 19 | GM5: =WEEKNUM(GR9,21) -> 20 | GT5: =WEEKNUM(GY9,21) -> 21 | HA5: =WEEKNUM(HF9,21) -> 22 | HH5: =WEEKNUM(HM9,21) -> 23 | HO5: =WEEKNUM(HT9,21) -> 24 | HV5: =WEEKNUM(IA9,21) -> 25 | IC5: =WEEKNUM(IH9,21) -> 26 | IJ5: =WEEKNUM(IO9,21) -> 27 | IQ5: =WEEKNUM(IV9,21) -> 28 | IX5: =WEEKNUM(JC9,21) -> 29 | JE5: =WEEKNUM(JJ9,21) -> 30 | JL5: =WEEKNUM(JQ9,21) -> 31 | JS5: =WEEKNUM(JX9,21) -> 32 | JZ5: =WEEKNUM(KE9,21) -> 33 | KG5: =WEEKNUM(KL9,21) -> 34 | KN5: =WEEKNUM(KS9,21) -> 35 | KU5: =WEEKNUM(KZ9,21) -> 36 | LB5: =WEEKNUM(LG9,21) -> 37 | LI5: =WEEKNUM(LN9,21) -> 38 | LP5: =WEEKNUM(LU9,21) -> 39 | LW5: =WEEKNUM(MB9,21) -> 40 | MD5: =WEEKNUM(MI9,21) -> 41 | MK5: =WEEKNUM(MP9,21) -> 42 | MR5: =WEEKNUM(MW9,21) -> 43 | MY5: =WEEKNUM(ND9,21) -> 44 | NF5: =WEEKNUM(NK9,21) -> 45 | NM5: =WEEKNUM(NR9,21) -> 46 | NT5: =WEEKNUM(NY9,21) -> 47
AA6: 41 | AB6: 42 | AC6: 43 | AD6: 44 | AE6: 45 | AF6: 46 | AG6: 47 | AH6: 48 | AI6: 49 | AJ6: 50 | AK6: 51 | AL6: 52 | AM6: 53 | AN6: 54 | AO6: 55 | AP6: 56 | AQ6: 57 | AR6: 58 | AS6: 59 | AT6: 60 | AU6: 61 | AV6: 62 | AW6: 63 | AX6: 64 | AY6: 65 | AZ6: 66 | BA6: 67 | BB6: 68 | BC6: 69 | BD6: 70 | BE6: 71 | BF6: 72 | BG6: 73 | BH6: 74 | BI6: 75 | BJ6: 76 | BK6: 77 | BL6: 78 | BM6: 79 | BN6: 80 | BO6: 81 | BP6: 82 | BQ6: 83 | BR6: 84 | BS6: 85 | BT6: 86 | BU6: 87 | BV6: 88 | BW6: 89 | BX6: 90 | BY6: 91 | BZ6: 92 | CA6: 93 | CB6: 94 | CC6: 95 | CD6: 96 | CE6: 97 | CF6: 98 | CG6: 99 | CH6: 100 | CI6: 101 | CJ6: 102 | CK6: 103 | CL6: 104 | CM6: 105 | CN6: 106 | CO6: 107 | CP6: 108 | CQ6: 109 | CR6: 110 | CS6: 111 | CT6: 112 | CU6: 113 | CV6: 114 | CW6: 115 | CX6: 116 | CY6: 117 | CZ6: 118 | DA6: 119 | DB6: 120 | DC6: 121 | DD6: 122 | DE6: 123 | DF6: 124 | DG6: 125 | DH6: 126 | DI6: 127 | DJ6: 128 | DK6: 129 | DL6: 130 | DM6: 131 | DN6: 132 | DO6: 133 | DP6: 134 | DQ6: 135 | DR6: 136 | DS6: 137 | DT6: 138 | DU6: 139 | DV6: 140 | DW6: 141 | DX6: 142 | DY6: 143 | DZ6: 144 | EA6: 145 | EB6: 146 | EC6: 147 | ED6: 148 | EE6: 149 | EG6: 151 | EH6: 152 | EI6: 153 | EJ6: 154 | EK6: 155 | EL6: 156 | EM6: 157 | EN6: 158 | EO6: 159 | EP6: 160 | EQ6: 161 | ER6: 162 | ES6: 163 | ET6: 164 | EU6: 165 | EV6: 166 | EW6: 167 | EX6: 168 | EY6: 169 | EZ6: 170 | FA6: 171 | FB6: 172 | FC6: 173 | FD6: 174 | FE6: 175 | FF6: 176 | FG6: 177 | FH6: 178 | FI6: 179 | FJ6: 180 | FK6: 181 | FL6: 182 | FM6: 183 | FN6: 184 | FO6: 185 | FP6: 186 | FQ6: 187 | FR6: 188 | FS6: 189 | FT6: 190 | FU6: 191 | FV6: 192 | FW6: 193 | FX6: 194 | FY6: 195 | FZ6: 196 | GA6: 197 | GB6: 198 | GC6: 199 | GD6: 200 | GE6: 201 | GF6: 202 | GG6: 203 | GH6: 204 | GI6: 205 | GJ6: 206 | GK6: 207 | GL6: 208 | GM6: 209 | GN6: 210 | GO6: 211 | GP6: 212 | GQ6: 213 | GR6: 214 | GS6: 215 | GT6: 216 | GU6: 217 | GV6: 218 | GW6: 219 | GX6: 220 | GY6: 221 | GZ6: 222 | HA6: 223 | HB6: 224 | HC6: 225 | HD6: 226 | HE6: 227 | HF6: 228 | HG6: 229 | HH6: 230 | HI6: 231 | HJ6: 232 | HK6: 233 | HL6: 234 | HM6: 235 | HN6: 236 | HO6: 237 | HP6: 238 | HQ6: 239 | HR6: 240 | HS6: 241 | HT6: 242 | HU6: 243 | HV6: 244 | HW6: 245 | HX6: 246 | HY6: 247 | HZ6: 248 | IA6: 249 | IB6: 250 | IC6: 251 | ID6: 252 | IE6: 253 | IF6: 254 | IG6: 255 | IH6: 256 | II6: 257 | IJ6: 258 | IK6: 259 | IL6: 260 | IM6: 261 | IN6: 262 | IO6: 263 | IP6: 264 | IQ6: 265 | IR6: 266 | IS6: 267 | IT6: 268 | IU6: 269 | IV6: 270 | IW6: 271 | IX6: 272 | IY6: 273 | IZ6: 274 | JA6: 275 | JB6: 276 | JC6: 277 | JD6: 278 | JE6: 279 | JF6: 280 | JG6: 281 | JH6: 282 | JI6: 283 | JJ6: 284 | JK6: 285 | JL6: 286 | JM6: 287 | JN6: 288 | JO6: 289 | JP6: 290 | JQ6: 291 | JR6: 292 | JS6: 293 | JT6: 294 | JU6: 295 | JV6: 296 | JW6: 297 | JX6: 298 | JY6: 299 | JZ6: 300 | KA6: 301 | KB6: 302 | KC6: 303 | KD6: 304 | KE6: 305 | KF6: 306 | KG6: 307 | KH6: 308 | KI6: 309 | KJ6: 310 | KK6: 311 | KL6: 312 | KM6: 313 | KN6: 314 | KO6: 315 | KP6: 316 | KQ6: 317 | KR6: 318 | KS6: 319 | KT6: 320 | KU6: 321 | KV6: 322 | KW6: 323 | KX6: 324 | KY6: 325 | KZ6: 326 | LA6: 327 | LB6: 328 | LC6: 329 | LD6: 330 | LE6: 331 | LF6: 332 | LG6: 333 | LH6: 334 | LI6: 335 | LJ6: 336 | LK6: 337 | LL6: 338 | LM6: 339 | LN6: 340 | LO6: 341 | LP6: 342 | LQ6: 343 | LR6: 344 | LS6: 345 | LT6: 346 | LU6: 347 | LV6: 348 | LW6: 349 | LX6: 350 | LY6: 351 | LZ6: 352 | MA6: 353 | MB6: 354 | MC6: 355 | MD6: 356 | ME6: 357 | MF6: 358 | MG6: 359 | MH6: 360 | MI6: 361 | MJ6: 362 | MK6: 363 | ML6: 364 | MM6: 365 | MN6: 366 | MO6: 367 | MP6: 368 | MQ6: 369 | MR6: 370 | MS6: 371 | MT6: 372 | MU6: 373 | MV6: 374 | MW6: 375 | MX6: 376 | MY6: 377 | MZ6: 378 | NA6: 379 | NB6: 380 | NC6: 381 | ND6: 382 | NE6: 383 | NF6: 384 | NG6: 385 | NH6: 386 | NI6: 387 | NJ6: 388 | NK6: 389 | NL6: 390 | NM6: 391 | NN6: 392 | NO6: 393 | NP6: 394 | NQ6: 395 | NR6: 396 | NS6: 397 | NT6: 398 | NU6: 399 | NV6: 400 | NW6: 401 | NX6: 402 | NY6: 403 | NZ6: 404
AA7: =TEXT(AA9,"TTT") -> Mon | AB7: =TEXT(AB9,"TTT") -> Tue | AC7: =TEXT(AC9,"TTT") -> Wed | AD7: =TEXT(AD9,"TTT") -> Thu | AE7: =TEXT(AE9,"TTT") -> Fri | AF7: =TEXT(AF9,"TTT") -> Sat | AG7: =TEXT(AG9,"TTT") -> Sun | AH7: =TEXT(AH9,"TTT") -> Mon | ... NZ7: =TEXT(NZ9,"TTT") -> Sun
AA8: =+_xlfn.ISOWEEKNUM(AA9) -> 48 | AB8: =+_xlfn.ISOWEEKNUM(AB9) -> 48 | AC8: =+_xlfn.ISOWEEKNUM(AC9) -> 48 | AD8: =+_xlfn.ISOWEEKNUM(AD9) -> 48 | AE8: =+_xlfn.ISOWEEKNUM(AE9) -> 48 | AF8: =+_xlfn.ISOWEEKNUM(AF9) -> 48 | AG8: =+_xlfn.ISOWEEKNUM(AG9) -> 48 | AH8: =+_xlfn.ISOWEEKNUM(AH9) -> 49 | ... NZ8: =+_xlfn.ISOWEEKNUM(NZ9) -> 47
Z9: x | AA9: 45985 | AB9: =AA9+1 -> 45986 | AC9: =AB9+1 -> 45987 | AD9: =AC9+1 -> 45988 | AE9: =AD9+1 -> 45989 | AF9: =AE9+1 -> 45990 | AG9: =AF9+1 -> 45991 | AH9: =AG9+1 -> 45992 | AI9: =AH9+1 -> 45993 | ... NZ9: =NY9+1 -> 46348
E10: Pos. | F10: Aufgabe/Tätigkeit | G10: Presequities | H10: Responsible | I10: Group | J10: QTY | K10: Done | L10: Rem. | M10: Manpower | N10: Duration | O10: Total Manday | R10: Beginn [Datum] | S10: =IF($Z$9="x","Ende nach [AT]","Endet nach [Tagen]") -> Ende nach [AT] | T10: Ende [Datum] | U10: Status | W10: =+"KW"&W12&" Progress" -> KW2 Progress | X10: =+"Cumulative Progress =<"&"KW"&W12 -> Cumulative Progress =<KW2 | Z10: Anmerkungen | AG10: µ | AL10: µ | AM10: µ | AN10: µ | AU10: µ | AZ10: µ | BA10: µ | BB10: µ
O11: =+O12+O45+O89+O125 -> 4169 | U11: =+(O12*U12+O45*U45+O89*U89+O125*U125)/O11 -> 0.088484642 | W11: =HLOOKUP(W12,AA8:PLB9,2,FALSE)+6 -> 46033 | AA11: =SUM(AA13:AA180) -> 15 | AB11: =SUM(AB13:AB180) -> 15 | AC11: =SUM(AC13:AC180) -> 15 | AD11: =SUM(AD13:AD180) -> 15 | AE11: =SUM(AE13:AE180) -> 15 | AF11: =SUM(AF13:AF180) -> 15 | AG11: =SUM(AG13:AG180) -> 0 | AH11: =SUM(AH13:AH180) -> 19 | ... HG11: =SUM(HG13:HG180) -> 0
B12: 1 | C12: 0 | D12: 0 | E12: =B12&"."&C12&"."&D12 -> 1.0.0 | F12: E2 N | O12: =+SUM(O13,O18,O22,O23,O26:O33,O36) -> 1610 | T12: =+MAX(T13:T44) -> 46115 | U12: =+SUM(O13*U13,O18*U18,O22*U22,O23*U23,SUMPRODUCT(O26:O33,U26:U33),O36*U36)/O12 -> 0.12682542 | V12: =+U12*O12 -> 204.18893 | W12: =+Summary!D4 -> 2 | Y12: =+SUM(Y13,Y18,Y22,Y23,Y26:Y33,Y36) -> 48
B13: =+B12 -> 1 | C13: 1 | D13: 0 | E13: =B13&"."&C13&"."&D13 -> 1.1.0 | F13: E2N Outside Windows | O13: =SUM(O14:O17) -> 540 | T13: =IF(S13<>"",IF(#REF!="x",WORKDAY(IF(WEEKDAY(R13,1)=7,R13+2,IF(WEEKDAY(R13,1)=1,R13+1,R13)),S13-1),R13+S13-1),"") | U13: =+SUMPRODUCT(U14:U17,O14:O17)/O13 -> 0.02374169 | V13: =+U13*O13 -> 12.820513 | Y13: =+X13*O13 -> 0
B14: =+B13 -> 1 | C14: 1 | D14: 1 | E14: =B14&"."&C14&"."&D14 -> 1.1.1 | F14: Dismantling of Drywall + Al Sheet | G14: 1 | H14: MYA | I14: A | J14: 156 | K14: 8 | L14: =+J14-K14 -> 148 | M14: 2 | N14: 125 | O14: =+N14*M14 -> 250 | P14: =+SUM(AA14:NZ14) -> 250 | Q14: =+O14-P14 -> 0 | R14: 45999 | S14: 40 | T14: =IF(S14<>"",IF($Z$9="x",WORKDAY(IF(WEEKDAY(R14,1)=7,R14+2,IF(WEEKDAY(R14,1)=1,R14+1,R14)),S14-1),R14+S14-1),"") -> 46052 | U14: =+K14/J14 -> 0.051282051 | V14: =+U14*O14 -> 12.820513 | W14: =SUMIFS($AA14:$NZ14, $AA$8:$NZ$8, $W$12)/$O14 -> 0 | X14: =SUMIF($AA$9:$NZ$9, "<=" & $W$11,$AA14:$NZ14)/$O14 -> 0.408 | Y14: =+X14*O14 -> 102 | AB14: 2 | AO14: 10 | AP14: 10 | AQ14: 10 | AR14: 10 | AS14: 10 | AT14: 10 | AV14: 8 | AW14: 8 | AX14: 8 | AY14: 8 | AZ14: 8 | BX14: 10 | BY14: 10 | BZ14: 10 | CA14: 10 | CB14: 10 | CC14: 10 | CE14: 8 | CF14: 8 | CG14: 8 | CH14: 8 | CI14: 8 | CJ14: 8 | CL14: 8 | CM14: 8 | CN14: 6 | CO14: 6 | CP14: 6 | CQ14: 6
B15: =+B14 -> 1 | C15: 1 | D15: 2 | E15: =B15&"."&C15&"."&D15 -> 1.1.2 | F15: Application of New Membrane | G15: 1 | H15: MYA | I15: A | J15: =+J14 -> 156 | K15: 0 | L15: =+J15-K15 -> 156 | M15: 2 | N15: 80 | O15: =+N15*M15 -> 160 | P15: =+SUM(AA15:NZ15) -> 164 | Q15: =+O15-P15 -> -4 | R15: 46006 | S15: 45 | T15: =IF(S15<>"",IF($Z$9="x",WORKDAY(IF(WEEKDAY(R15,1)=7,R15+2,IF(WEEKDAY(R15,1)=1,R15+1,R15)),S15-1),R15+S15-1),"") -> 46066 | U15: =+K15/J15 -> 0 | V15: =+U15*O15 -> 0 | W15: =SUMIFS($AA15:$NZ15, $AA$8:$NZ$8, $W$12)/$O15 -> 0 | X15: =SUMIF($AA$9:$NZ$9, "<=" & $W$11,$AA15:$NZ15)/$O15 -> 0.075 | Y15: =+X15*O15 -> 12 | AV15: 2 | AW15: 2 | AX15: 2 | AY15: 2 | AZ15: 4 | BX15: 8 | BY15: 8 | BZ15: 8 | CA15: 8 | CB15: 8 | CC15: 8 | CE15: 6 | CF15: 6 | CG15: 6 | CH15: 6 | CI15: 6 | CJ15: 6 | CL15: 4 | CM15: 4 | CN15: 6 | CO15: 6 | CP15: 6 | CQ15: 6 | CS15: 4 | CT15: 4 | CU15: 4 | CV15: 4 | CW15: 4 | CX15: 4 | CZ15: 2 | DA15: 2 | DB15: 2 | DC15: 2 | DD15: 2 | DE15: 2
B16: =+B15 -> 1 | C16: 1 | D16: =+D15+1 -> 3 | E16: =B16&"."&C16&"."&D16 -> 1.1.3 | F16: Installation of Al. Sheet | G16: 1 | H16: MYA | I16: A | J16: =+J15 -> 156 | K16: 0 | L16: =+J16-K16 -> 156 | M16: 2 | N16: 65 | O16: =+N16*M16 -> 130 | P16: =+SUM(AA16:NZ16) -> 132 | Q16: =+O16-P16 -> -2 | R16: 46041 | S16: 20 | T16: =IF(S16<>"",IF($Z$9="x",WORKDAY(IF(WEEKDAY(R16,1)=7,R16+2,IF(WEEKDAY(R16,1)=1,R16+1,R16)),S16-1),R16+S16-1),"") -> 46066 | U16: =+K16/J16 -> 0 | V16: =+U16*O16 -> 0 | W16: =SUMIFS($AA16:$NZ16, $AA$8:$NZ$8, $W$12)/$O16 -> 0 | X16: =SUMIF($AA$9:$NZ$9, "<=" & $W$11,$AA16:$NZ16)/$O16 -> 0 | Y16: =+X16*O16 -> 0 | CE16: 4 | CF16: 4 | CG16: 4 | CH16: 4 | CI16: 4 | CJ16: 4 | CL16: 4 | CM16: 4 | CN16: 4 | CO16: 4 | CP16: 4 | CQ16: 4 | CS16: 6 | CT16: 6 | CU16: 6 | CV16: 6 | CW16: 6 | CX16: 6 | CZ16: 8 | DA16: 8 | DB16: 8 | DC16: 8 | DD16: 8 | DE16: 8
B17: =+B15 -> 1 | C17: 1 | D17: =+D16+1 -> 4 | E17: =B17&"."&C17&"."&D17 -> 1.1.4 | F17: Installation of New Drywall | G17: 1 | H17: XXX | I17: A | J17: =+J15 -> 156 | K17: 0 | L17: =+J17-K17 -> 156 | O17: =+N17*M17 -> 0 | P17: =+SUM(AA17:NZ17) -> 0 | Q17: =+O17-P17 -> 0 | T17: =IF(S17<>"",IF($Z$9="x",WORKDAY(IF(WEEKDAY(R17,1)=7,R17+2,IF(WEEKDAY(R17,1)=1,R17+1,R17)),S17-1),R17+S17-1),"") | U17: =+K17/J17 -> 0 | V17: =+U17*O17 -> 0 | Y17: =+X17*O17 -> 0
B18: =+B17 -> 1 | C18: =+C17+1 -> 2 | D18: 0 | E18: =B18&"."&C18&"."&D18 -> 1.2.0 | F18: E2N Courtyard Windows | O18: =SUM(O19:O21) -> 160 | T18: =IF(S18<>"",IF($Z$9="x",WORKDAY(IF(WEEKDAY(R18,1)=7,R18+2,IF(WEEKDAY(R18,1)=1,R18+1,R18)),S18-1),R18+S18-1),"") | U18: =+SUMPRODUCT(U19:U21,O19:O21)/O18 -> 0.79605263 | V18: =+U18*O18 -> 127.36842 | Y18: =+X18*O18 -> 0
B19: =+B18 -> 1 | C19: =+C18 -> 2 | D19: =+D18+1 -> 1 | E19: =B19&"."&C19&"."&D19 -> 1.2.1 | F19: Dismantling of Drywall | G19: 1 | H19: MYA | I19: A | J19: 76 | K19: 76 | L19: =+J19-K19 -> 0 | M19: 10 | N19: 8 | O19: =+N19*M19 -> 80 | P19: =+SUM(AA19:NZ19) -> 80 | Q19: =+O19-P19 -> 0 | R19: 45985 | S19: 20 | T19: =IF(S19<>"",IF($Z$9="x",WORKDAY(IF(WEEKDAY(R19,1)=7,R19+2,IF(WEEKDAY(R19,1)=1,R19+1,R19)),S19-1),R19+S19-1),"") -> 46010 | U19: =+K19/J19 -> 1 | V19: =+U19*O19 -> 80 | W19: =SUMIFS($AA19:$NZ19, $AA$8:$NZ$8, $W$12)/$O19 -> 0 | X19: =SUMIF($AA$9:$NZ$9, "<=" & $W$11,$AA19:$NZ19)/$O19 -> 1 | Y19: =+X19*O19 -> 80 | AA19: 2 | AB19: 3 | AC19: 3 | AD19: 2 | AE19: 2 | AF19: 2 | AH19: 4 | AI19: 4 | AJ19: 4 | AK19: 4 | AL19: 4 | AM19: 4 | AO19: 4 | AP19: 4 | AQ19: 4 | AR19: 4 | AS19: 4 | AT19: 4 | AV19: 4 | AW19: 4 | AX19: 4 | AY19: 4 | AZ19: 2
B20: =+B19 -> 1 | C20: =+C19 -> 2 | D20: =+D19+1 -> 2 | E20: =B20&"."&C20&"."&D20 -> 1.2.2 | F20: Application of New Membrane | G20: 1 | H20: MYA | I20: A | J20: =+J19 -> 76 | K20: 45 | L20: =+J20-K20 -> 31 | M20: 10 | N20: 8 | O20: =+N20*M20 -> 80 | P20: =+SUM(AA20:NZ20) -> 44 | Q20: =+O20-P20 -> 36 | R20: 45999 | S20: 10 | T20: =IF(S20<>"",IF($Z$9="x",WORKDAY(IF(WEEKDAY(R20,1)=7,R20+2,IF(WEEKDAY(R20,1)=1,R20+1,R20)),S20-1),R20+S20-1),"") -> 46010 | U20: =+K20/J20 -> 0.59210526 | V20: =+U20*O20 -> 47.368421 | W20: =SUMIFS($AA20:$NZ20, $AA$8:$NZ$8, $W$12)/$O20 -> 0 | X20: =SUMIF($AA$9:$NZ$9, "<=" & $W$11,$AA20:$NZ20)/$O20 -> 0.55 | Y20: =+X20*O20 -> 44 | AO20: 4 | AP20: 4 | AQ20: 4 | AR20: 4 | AS20: 4 | AT20: 4 | AV20: 4 | AW20: 4 | AX20: 4 | AY20: 4 | AZ20: 4
B21: =+B20 -> 1 | C21: =+C20 -> 2 | D21: =+D20+1 -> 3 | E21: =B21&"."&C21&"."&D21 -> 1.2.3 | F21: Installation of New Drywall | G21: 1 | H21: XXX | I21: A | J21: =+J20 -> 76 | K21: 0 | L21: =+J21-K21 -> 76 | O21: =+N21*M21 -> 0 | P21: =+SUM(AA21:NZ21) -> 0 | Q21: =+O21-P21 -> 0 | T21: =IF(S21<>"",IF($Z$9="x",WORKDAY(IF(WEEKDAY(R21,1)=7,R21+2,IF(WEEKDAY(R21,1)=1,R21+1,R21)),S21-1),R21+S21-1),"") | U21: =+K21/J21 -> 0 | V21: =+U21*O21 -> 0 | Y21: =+X21*O21 -> 0
B22: =+B21 -> 1 | C22: =+C19+1 -> 3 | D22: 0 | E22: =B22&"."&C22&"."&D22 -> 1.3.0 | F22: Garage entrance aluminum cladding (north) | H22: MYA | I22: B | J22: 1 | K22: 1 | L22: =+J22-K22 -> 0 | M22: 4 | N22: 6 | O22: =+N22*M22 -> 24 | R22: 45992 | S22: 5 | T22: =IF(S22<>"",IF($Z$9="x",WORKDAY(IF(WEEKDAY(R22,1)=7,R22+2,IF(WEEKDAY(R22,1)=1,R22+1,R22)),S22-1),R22+S22-1),"") -> 45996 | U22: =+K22/J22 -> 1 | V22: =+U22*O22 -> 24 | W22: =SUMIFS($AA22:$NZ22, $AA$8:$NZ$8, $W$12)/$O22 -> 0 | X22: =SUMIF($AA$9:$NZ$9, "<=" & $W$11,$AA22:$NZ22)/$O22 -> 1 | Y22: =+X22*O22 -> 24 | AH22: 4 | AI22: 4 | AJ22: 4 | AK22: 4 | AL22: 4 | AM22: 4
B23: =+B22 -> 1 | C23: =+C22+1 -> 4 | D23: 0 | E23: =B23&"."&C23&"."&D23 -> 1.4.0 | F23: Hörmann Door (West) | O23: =SUM(O24:O25) -> 24 | T23: =IF(S23<>"",IF($Z$9="x",WORKDAY(IF(WEEKDAY(R23,1)=7,R23+2,IF(WEEKDAY(R23,1)=1,R23+1,R23)),S23-1),R23+S23-1),"") | U23: =+SUMPRODUCT(U24:U25,O24:O25)/O23 -> 0.66666667 | V23: =+U23*O23 -> 16 | W23: =SUMIFS($AA23:$NZ23, $AA$8:$NZ$8, $W$12)/$O23 -> 0 | X23: =SUMIF($AA$9:$NZ$9, "<=" & $W$11,$AA23:$NZ23)/$O23 -> 0 | Y23: =+X23*O23 -> 0
B24: =+B23 -> 1 | C24: =+C23 -> 4 | D24: 1 | E24: =B24&"."&C24&"."&D24 -> 1.4.1 | F24: Steel structure | G24: 2 | H24: MYA | I24: B | J24: 1 | K24: 1 | L24: =+J24-K24 -> 0 | M24: 4 | N24: 4 | O24: =+N24*M24 -> 16 | P24: =+SUM(AA24:NZ24) -> 0 | Q24: =+O24-P24 -> 16 | T24: =IF(S24<>"",IF($Z$9="x",WORKDAY(IF(WEEKDAY(R24,1)=7,R24+2,IF(WEEKDAY(R24,1)=1,R24+1,R24)),S24-1),R24+S24-1),"") | U24: =+K24/J24 -> 1 | V24: =+U24*O24 -> 16 | W24: =SUMIFS($AA24:$NZ24, $AA$8:$NZ$8, $W$12)/$O24 -> 0 | X24: =SUMIF($AA$9:$NZ$9, "<=" & $W$11,$AA24:$NZ24)/$O24 -> 0 | Y24: =+X24*O24 -> 0
B25: =+B24 -> 1 | C25: =+C24 -> 4 | D25: 2 | E25: =B25&"."&C25&"."&D25 -> 1.4.2 | F25: Door | G25: 2 | H25: MYA | I25: B | J25: 1 | K25: 0 | L25: =+J25-K25 -> 1 | M25: 4 | N25: 2 | O25: =+N25*M25 -> 8 | P25: =+SUM(AA25:NZ25) -> 8 | Q25: =+O25-P25 -> 0 | R25: 46002 | S25: 2 | T25: =IF(S25<>"",IF($Z$9="x",WORKDAY(IF(WEEKDAY(R25,1)=7,R25+2,IF(WEEKDAY(R25,1)=1,R25+1,R25)),S25-1),R25+S25-1),"") -> 46003 | U25: =+K25/J25 -> 0 | V25: =+U25*O25 -> 0 | W25: =SUMIFS($AA25:$NZ25, $AA$8:$NZ$8, $W$12)/$O25 -> 0 | X25: =SUMIF($AA$9:$NZ$9, "<=" & $W$11,$AA25:$NZ25)/$O25 -> 1 | Y25: =+X25*O25 -> 8 | AR25: 4 | AS25: 4
B26: =+B25 -> 1 | C26: =+C25+1 -> 5 | D26: 0 | E26: =B26&"."&C26&"."&D26 -> 1.5.0 | F26: FT-07 Glass Rotation and Gasket replacement (East-West) | G26: 2,3,4 | H26: MYA | I26: A | J26: 7 | K26: 0 | L26: =+J26-K26 -> 7 | M26: 3 | N26: 6 | O26: =+N26*M26 -> 18 | P26: =+SUM(AA26:NZ26) -> 18 | Q26: =+O26-P26 -> 0 | R26: 46041 | S26: 5 | T26: =IF(S26<>"",IF($Z$9="x",WORKDAY(IF(WEEKDAY(R26,1)=7,R26+2,IF(WEEKDAY(R26,1)=1,R26+1,R26)),S26-1),R26+S26-1),"") -> 46045 | U26: =+K26/J26 -> 0 | V26: =+U26*O26 -> 0 | W26: =SUMIFS($AA26:$NZ26, $AA$8:$NZ$8, $W$12)/$O26 -> 0 | X26: =SUMIF($AA$9:$NZ$9, "<=" & $W$11,$AA26:$NZ26)/$O26 -> 0 | Y26: =+X26*O26 -> 0 | CE26: 3 | CF26: 3 | CG26: 3 | CH26: 3 | CI26: 3 | CJ26: 3
B27: =+B26 -> 1 | C27: =+C26+1 -> 6 | D27: 0 | E27: =B27&"."&C27&"."&D27 -> 1.6.0 | F27: Breuninger facade –Bottom Al. Finishing Reinforcement | G27: 2 | H27: MYA | I27: A | J27: 30 | K27: 30 | L27: =+J27-K27 -> 0 | M27: 2 | N27: 6 | O27: =+N27*M27 -> 12 | P27: =+SUM(AA27:NZ27) -> 12 | Q27: =+O27-P27 -> 0 | R27: 45992 | S27: 5 | T27: =IF(S27<>"",IF($Z$9="x",WORKDAY(IF(WEEKDAY(R27,1)=7,R27+2,IF(WEEKDAY(R27,1)=1,R27+1,R27)),S27-1),R27+S27-1),"") -> 45996 | U27: =+K27/J27 -> 1 | V27: =+U27*O27 -> 12 | W27: =SUMIFS($AA27:$NZ27, $AA$8:$NZ$8, $W$12)/$O27 -> 0 | X27: =SUMIF($AA$9:$NZ$9, "<=" & $W$11,$AA27:$NZ27)/$O27 -> 1 | Y27: =+X27*O27 -> 12 | AH27: 2 | AI27: 2 | AJ27: 2 | AK27: 2 | AL27: 2 | AM27: 2
B28: =+B27 -> 1 | C28: =+C27+1 -> 7 | D28: 0 | E28: =B28&"."&C28&"."&D28 -> 1.7.0 | F28: RT02 Additional Balustrade Module (NTA) | G28: 2 | H28: MYA | I28: C | J28: 2 | K28: 0 | L28: =+J28-K28 -> 2 | M28: 4 | N28: 3 | O28: =+N28*M28 -> 12 | P28: =+SUM(AA28:NZ28) -> 12 | Q28: =+O28-P28 -> 0 | R28: 46048 | S28: 3 | T28: =IF(S28<>"",IF($Z$9="x",WORKDAY(IF(WEEKDAY(R28,1)=7,R28+2,IF(WEEKDAY(R28,1)=1,R28+1,R28)),S28-1),R28+S28-1),"") -> 46050 | U28: =+K28/J28 -> 0 | V28: =+U28*O28 -> 0 | W28: =SUMIFS($AA28:$NZ28, $AA$8:$NZ$8, $W$12)/$O28 -> 0 | X28: =SUMIF($AA$9:$NZ$9, "<=" & $W$11,$AA28:$NZ28)/$O28 -> 0 | Y28: =+X28*O28 -> 0 | CL28: 4 | CM28: 4 | CN28: 4
B29: =+B28 -> 1 | C29: =+C28+1 -> 8 | D29: 0 | E29: =B29&"."&C29&"."&D29 -> 1.8.0 | F29: FT-13 Canopy – Anodized Al. Sheet Replacement + Cap Replacement | G29: 2.3 | H29: MYA | I29: B | J29: 60 | K29: 0 | L29: =+J29-K29 -> 60 | M29: 4 | N29: 6 | O29: =+N29*M29 -> 24 | P29: =+SUM(AA29:NZ29) -> 0 | Q29: =+O29-P29 -> 24 | T29: =IF(S29<>"",IF($Z$9="x",WORKDAY(IF(WEEKDAY(R29,1)=7,R29+2,IF(WEEKDAY(R29,1)=1,R29+1,R29)),S29-1),R29+S29-1),"") | U29: =+K29/J29 -> 0 | V29: =+U29*O29 -> 0 | W29: =SUMIFS($AA29:$NZ29, $AA$8:$NZ$8, $W$12)/$O29 -> 0 | X29: =SUMIF($AA$9:$NZ$9, "<=" & $W$11,$AA29:$NZ29)/$O29 -> 0 | Y29: =+X29*O29 -> 0
B30: =+B29 -> 1 | C30: =+C29+1 -> 9 | D30: 0 | E30: =B30&"."&C30&"."&D30 -> 1.9.0 | F30: E2N - E3 Attika Connection Detail (East+North) | G30: 2 | H30: MYA | I30: B | J30: 2 | K30: 0 | L30: =+J30-K30 -> 2 | M30: 2 | N30: 4 | O30: =+N30*M30 -> 8 | P30: =+SUM(AA30:NZ30) -> 12 | Q30: =+O30-P30 -> -4 | R30: 46051 | S30: 2 | T30: =IF(S30<>"",IF($Z$9="x",WORKDAY(IF(WEEKDAY(R30,1)=7,R30+2,IF(WEEKDAY(R30,1)=1,R30+1,R30)),S30-1),R30+S30-1),"") -> 46052 | U30: =+K30/J30 -> 0 | V30: =+U30*O30 -> 0 | W30: =SUMIFS($AA30:$NZ30, $AA$8:$NZ$8, $W$12)/$O30 -> 0 | X30: =SUMIF($AA$9:$NZ$9, "<=" & $W$11,$AA30:$NZ30)/$O30 -> 0 | Y30: =+X30*O30 -> 0 | CO30: 4 | CP30: 4 | CQ30: 4
B31: =+B30 -> 1 | C31: =+C30+1 -> 10 | D31: 0 | E31: =B31&"."&C31&"."&D31 -> 1.10.0 | F31: E2N East Stone FT15 Connection Detail | G31: 2 | H31: MYA | I31: A | J31: 1 | K31: 1 | L31: =+J31-K31 -> 0 | M31: 2 | N31: 6 | O31: =+N31*M31 -> 12 | P31: =+SUM(AA31:NZ31) -> 12 | Q31: =+O31-P31 -> 0 | R31: 45992 | S31: 5 | T31: =IF(S31<>"",IF($Z$9="x",WORKDAY(IF(WEEKDAY(R31,1)=7,R31+2,IF(WEEKDAY(R31,1)=1,R31+1,R31)),S31-1),R31+S31-1),"") -> 45996 | U31: =+K31/J31 -> 1 | V31: =+U31*O31 -> 12 | W31: =SUMIFS($AA31:$NZ31, $AA$8:$NZ$8, $W$12)/$O31 -> 0 | X31: =SUMIF($AA$9:$NZ$9, "<=" & $W$11,$AA31:$NZ31)/$O31 -> 1 | Y31: =+X31*O31 -> 12 | AH31: 2 | AI31: 2 | AJ31: 2 | AK31: 2 | AL31: 2 | AM31: 2
B32: =+B31 -> 1 | C32: =+C31+1 -> 11 | D32: 0 | E32: =B32&"."&C32&"."&D32 -> 1.11.0 | F32: General – Glass replacement | G32: 2,3,4 | H32: MYA | I32: B | J32: 9 | K32: 0 | L32: =+J32-K32 -> 9 | M32: 4 | N32: 5 | O32: =+N32*M32 -> 20 | P32: =+SUM(AA32:NZ32) -> 0 | Q32: =+O32-P32 -> 20 | T32: =IF(S32<>"",IF($Z$9="x",WORKDAY(IF(WEEKDAY(R32,1)=7,R32+2,IF(WEEKDAY(R32,1)=1,R32+1,R32)),S32-1),R32+S32-1),"") | U32: =+K32/J32 -> 0 | V32: =+U32*O32 -> 0 | W32: =SUMIFS($AA32:$NZ32, $AA$8:$NZ$8, $W$12)/$O32 -> 0 | X32: =SUMIF($AA$9:$NZ$9, "<=" & $W$11,$AA32:$NZ32)/$O32 -> 0 | Y32: =+X32*O32 -> 0
B33: =+B32 -> 1 | C33: =+C32+1 -> 12 | D33: 0 | E33: =B33&"."&C33&"."&D33 -> 1.12.0 | F33: FT-18 | O33: =SUM(O34:O35) -> 504 | T33: =IF(S33<>"",IF($Z$9="x",WORKDAY(IF(WEEKDAY(R33,1)=7,R33+2,IF(WEEKDAY(R33,1)=1,R33+1,R33)),S33-1),R33+S33-1),"") | U33: =+SUMPRODUCT(U34:U35,O34:O35)/O33 -> 0 | V33: =+U33*O33 -> 0 | W33: =SUMIFS($AA33:$NZ33, $AA$8:$NZ$8, $W$12)/$O33 -> 0 | X33: =SUMIF($AA$9:$NZ$9, "<=" & $W$11,$AA33:$NZ33)/$O33 -> 0 | Y33: =+X33*O33 -> 0
B34: =+B33 -> 1 | C34: =+C33 -> 12 | D34: 1 | E34: =B34&"."&C34&"."&D34 -> 1.12.1 | F34: Paint repair and bolt replacement | G34: 2.5 | H34: MYA | I34: A | J34: 1 | K34: 0 | L34: =+J34-K34 -> 1 | M34: 10 | N34: 48 | O34: =+N34*M34 -> 480 | P34: =+SUM(AA34:NZ34) -> 480 | Q34: =+O34-P34 -> 0 | R34: 46055 | S34: 40 | T34: =IF(S34<>"",IF($Z$9="x",WORKDAY(IF(WEEKDAY(R34,1)=7,R34+2,IF(WEEKDAY(R34,1)=1,R34+1,R34)),S34-1),R34+S34-1),"") -> 46108 | U34: =+K34/J34 -> 0 | V34: =+U34*O34 -> 0 | W34: =SUMIFS($AA34:$NZ34, $AA$8:$NZ$8, $W$12)/$O34 -> 0 | X34: =SUMIF($AA$9:$NZ$9, "<=" & $W$11,$AA34:$NZ34)/$O34 -> 0 | Y34: =+X34*O34 -> 0 | CS34: 10 | CT34: 10 | CU34: 10 | CV34: 10 | CW34: 10 | CX34: 10 | CZ34: 10 | DA34: 10 | DB34: 10 | DC34: 10 | DD34: 10 | DE34: 10 | DG34: 10 | DH34: 10 | DI34: 10 | DJ34: 10 | DK34: 10 | DL34: 10 | DN34: 10 | DO34: 10 | DP34: 10 | DQ34: 10 | DR34: 10 | DS34: 10 | DU34: 10 | DV34: 10 | DW34: 10 | DX34: 10 | DY34: 10 | DZ34: 10 | EB34: 10 | EC34: 10 | ED34: 10 | EE34: 10 | EF34: 10 | EG34: 10 | EI34: 10 | EJ34: 10 | EK34: 10 | EL34: 10 | EM34: 10 | EN34: 10 | EP34: 10 | EQ34: 10 | ER34: 10 | ES34: 10 | ET34: 10 | EU34: 10
B35: =+B34 -> 1 | C35: =+C34 -> 12 | D35: 2 | E35: =B35&"."&C35&"."&D35 -> 1.12.2 | F35: 1141 Parcel / Passage and parapet installation (NTA) | G35: 2,3,4,5 | H35: MYA | I35: B | J35: 1 | K35: 0 | L35: =+J35-K35 -> 1 | M35: 4 | N35: 6 | O35: =+N35*M35 -> 24 | P35: =+SUM(AA35:NZ35) -> 24 | Q35: =+O35-P35 -> 0 | R35: 46062 | S35: 5 | T35: =IF(S35<>"",IF($Z$9="x",WORKDAY(IF(WEEKDAY(R35,1)=7,R35+2,IF(WEEKDAY(R35,1)=1,R35+1,R35)),S35-1),R35+S35-1),"") -> 46066 | U35: =+K35/J35 -> 0 | V35: =+U35*O35 -> 0 | W35: =SUMIFS($AA35:$NZ35, $AA$8:$NZ$8, $W$12)/$O35 -> 0 | X35: =SUMIF($AA$9:$NZ$9, "<=" & $W$11,$AA35:$NZ35)/$O35 -> 0 | Y35: =+X35*O35 -> 0 | CZ35: 4 | DA35: 4 | DB35: 4 | DC35: 4 | DD35: 4 | DE35: 4
B36: =+B35 -> 1 | C36: =+C35+1 -> 13 | D36: 0 | E36: =B36&"."&C36&"."&D36 -> 1.13.0 | F36: Acoustic Roof FT-18 (NTA) | O36: =SUM(O37:O39) -> 252 | T36: =IF(S36<>"",IF($Z$9="x",WORKDAY(IF(WEEKDAY(R36,1)=7,R36+2,IF(WEEKDAY(R36,1)=1,R36+1,R36)),S36-1),R36+S36-1),"") | U36: =+SUMPRODUCT(U37:U38,O37:O38)/O36 -> 0 | V36: =+U36*O36 -> 0 | W36: =SUMIFS($AA36:$NZ36, $AA$8:$NZ$8, $W$12)/$O36 -> 0 | X36: =SUMIF($AA$9:$NZ$9, "<=" & $W$11,$AA36:$NZ36)/$O36 -> 0 | Y36: =+X36*O36 -> 0
B37: =+B36 -> 1 | C37: =+C36 -> 13 | D37: =+D36+1 -> 1 | E37: =B37&"."&C37&"."&D37 -> 1.13.1 | F37: Installed Steel Drilling + Paint Touch up | G37: 2,3,4,5 | H37: MYA | I37: C | J37: 1 | K37: 0 | L37: =+J37-K37 -> 1 | M37: 4 | N37: 18 | O37: =+N37*M37 -> 72 | P37: =+SUM(AA37:NZ37) -> 72 | Q37: =+O37-P37 -> 0 | R37: 46076 | S37: 15 | T37: =IF(S37<>"",IF($Z$9="x",WORKDAY(IF(WEEKDAY(R37,1)=7,R37+2,IF(WEEKDAY(R37,1)=1,R37+1,R37)),S37-1),R37+S37-1),"") -> 46094 | U37: =+K37/J37 -> 0 | V37: =+U37*O37 -> 0 | W37: =SUMIFS($AA37:$NZ37, $AA$8:$NZ$8, $W$12)/$O37 -> 0 | X37: =SUMIF($AA$9:$NZ$9, "<=" & $W$11,$AA37:$NZ37)/$O37 -> 0 | Y37: =+X37*O37 -> 0 | DN37: 4 | DO37: 4 | DP37: 4 | DQ37: 4 | DR37: 4 | DS37: 4 | DU37: 4 | DV37: 4 | DW37: 4 | DX37: 4 | DY37: 4 | DZ37: 4 | EB37: 4 | EC37: 4 | ED37: 4 | EE37: 4 | EF37: 4 | EG37: 4
B38: =+B37 -> 1 | C38: =+C37 -> 13 | D38: =+D37+1 -> 2 | E38: =B38&"."&C38&"."&D38 -> 1.13.2 | F38: Acoustic Roof Secondary Steel Installation | G38: 2,3,4,5 | H38: MYA | I38: C | J38: 1 | K38: 0 | L38: =+J38-K38 -> 1 | M38: 4 | N38: 18 | O38: =+N38*M38 -> 72 | P38: =+SUM(AA38:NZ38) -> 72 | Q38: =+O38-P38 -> 0 | R38: 46090 | S38: 15 | T38: =IF(S38<>"",IF($Z$9="x",WORKDAY(IF(WEEKDAY(R38,1)=7,R38+2,IF(WEEKDAY(R38,1)=1,R38+1,R38)),S38-1),R38+S38-1),"") -> 46108 | U38: =+K38/J38 -> 0 | V38: =+U38*O38 -> 0 | W38: =SUMIFS($AA38:$NZ38, $AA$8:$NZ$8, $W$12)/$O38 -> 0 | X38: =SUMIF($AA$9:$NZ$9, "<=" & $W$11,$AA38:$NZ38)/$O38 -> 0 | Y38: =+X38*O38 -> 0 | EB38: 4 | EC38: 4 | ED38: 4 | EE38: 4 | EF38: 4 | EG38: 4 | EI38: 4 | EJ38: 4 | EK38: 4 | EL38: 4 | EM38: 4 | EN38: 4 | EP38: 4 | EQ38: 4 | ER38: 4 | ES38: 4 | ET38: 4 | EU38: 4
B39: =+B38 -> 1 | C39: =+C38 -> 13 | D39: =+D38+1 -> 3 | E39: =B39&"."&C39&"."&D39 -> 1.13.3 | F39: Modül installation | G39: 2,3,4,5 | H39: MYA | I39: C | J39: 1 | K39: 0 | L39: =+J39-K39 -> 1 | M39: 6 | N39: 18 | O39: =+N39*M39 -> 108 | P39: =+SUM(AA39:NZ39) -> 108 | Q39: =+O39-P39 -> 0 | R39: 46097 | S39: 15 | T39: =IF(S39<>"",IF($Z$9="x",WORKDAY(IF(WEEKDAY(R39,1)=7,R39+2,IF(WEEKDAY(R39,1)=1,R39+1,R39)),S39-1),R39+S39-1),"") -> 46115 | U39: =+K39/J39 -> 0 | V39: =+U39*O39 -> 0 | W39: =SUMIFS($AA39:$NZ39, $AA$8:$NZ$8, $W$12)/$O39 -> 0 | X39: =SUMIF($AA$9:$NZ$9, "<=" & $W$11,$AA39:$NZ39)/$O39 -> 0 | Y39: =+X39*O39 -> 0 | EI39: 6 | EJ39: 6 | EK39: 6 | EL39: 6 | EM39: 6 | EN39: 6 | EP39: 6 | EQ39: 6 | ER39: 6 | ES39: 6 | ET39: 6 | EU39: 6 | EW39: 6 | EX39: 6 | EY39: 6 | EZ39: 6 | FA39: 6 | FB39: 6
B40: =+B39 -> 1 | C40: =+C39+1 -> 14 | D40: 0 | E40: =B40&"."&C40&"."&D40 -> 1.14.0 | F40: Documentation + Testing | T40: =IF(S40<>"",IF($Z$9="x",WORKDAY(IF(WEEKDAY(R40,1)=7,R40+2,IF(WEEKDAY(R40,1)=1,R40+1,R40)),S40-1),R40+S40-1),"") | V40: =+U40*O40 -> 0 | Y40: =+X40*O40 -> 0
B41: =+B40 -> 1 | C41: =+C40 -> 14 | D41: =+D40+1 -> 1 | E41: =B41&"."&C41&"."&D41 -> 1.14.1 | F41: WT01 | H41: MYA | M41: 0 | N41: 0 | O41: =+N41*M41 -> 0 | T41: =IF(S41<>"",IF($Z$9="x",WORKDAY(IF(WEEKDAY(R41,1)=7,R41+2,IF(WEEKDAY(R41,1)=1,R41+1,R41)),S41-1),R41+S41-1),"") | V41: =+U41*O41 -> 0 | Y41: =+X41*O41 -> 0
B42: =+B41 -> 1 | C42: =+C41 -> 14 | D42: =+D41+1 -> 2 | E42: =B42&"."&C42&"."&D42 -> 1.14.2 | F42: FT08 | H42: MYA | M42: 0 | N42: 0 | O42: =+N42*M42 -> 0 | T42: =IF(S42<>"",IF($Z$9="x",WORKDAY(IF(WEEKDAY(R42,1)=7,R42+2,IF(WEEKDAY(R42,1)=1,R42+1,R42)),S42-1),R42+S42-1),"") | V42: =+U42*O42 -> 0 | Y42: =+X42*O42 -> 0
B43: =+B42 -> 1 | C43: =+C42 -> 14 | D43: =+D42+1 -> 3 | E43: =B43&"."&C43&"."&D43 -> 1.14.3 | F43: FT07 | H43: MYA | M43: 0 | N43: 0 | O43: =+N43*M43 -> 0 | T43: =IF(S43<>"",IF($Z$9="x",WORKDAY(IF(WEEKDAY(R43,1)=7,R43+2,IF(WEEKDAY(R43,1)=1,R43+1,R43)),S43-1),R43+S43-1),"") | V43: =+U43*O43 -> 0 | Y43: =+X43*O43 -> 0
T44: =IF(S44<>"",IF($Z$9="x",WORKDAY(IF(WEEKDAY(R44,1)=7,R44+2,IF(WEEKDAY(R44,1)=1,R44+1,R44)),S44-1),R44+S44-1),"") | V44: =+U44*O44 -> 0 | Y44: =+X44*O44 -> 0
B45: =+B12+1 -> 2 | C45: 0 | D45: 0 | E45: =B45&"."&C45&"."&D45 -> 2.0.0 | F45: E2S Exterior | O45: =+SUM(O46,O50,O52,O56,O63,O64,O68,O69,O74,O79,O80,O81,O85) -> 1101 | T45: =+MAX(T46:T87) -> 46108 | U45: =+SUM(O46*U46,O50*U50,O52*U52,O56*U56,O63*U63,O64*U64,O68*U68,O74*U74,O79*U79,O80*U80,O81*U81,O85*U85,O69*U69)/O45 -> 0.14232837 | V45: =+U45*O45 -> 156.70354 | Y45: =+SUM(Y46,Y50,Y52,Y56,Y63,Y64,Y68,Y69,Y74,Y79,Y80,Y81,Y85) -> 12
B46: =+B45 -> 2 | C46: 1 | D46: 0 | E46: =B46&"."&C46&"."&D46 -> 2.1.0 | F46: FT-02 Zigzak | O46: =SUM(O47:O49) -> 15 | T46: =IF(S46<>"",IF($Z$9="x",WORKDAY(IF(WEEKDAY(R46,1)=7,R46+2,IF(WEEKDAY(R46,1)=1,R46+1,R46)),S46-1),R46+S46-1),"") | U46: =+SUMPRODUCT(U47:U49,O47:O49)/O46 -> 0.97642857 | V46: =+U46*O46 -> 14.646429 | W46: =SUMIFS($AA46:$NZ46, $AA$8:$NZ$8, $W$12)/$O46 -> 0 | X46: =SUMIF($AA$9:$NZ$9, "<=" & $W$11,$AA46:$NZ46)/$O46 -> 0 | Y46: =+X46*O46 -> 0
B47: =+B46 -> 2 | C47: =+C46 -> 1 | D47: 1 | E47: =B47&"."&C47&"."&D47 -> 2.1.1 | F47: Zigzak Mängel (West) | G47: 2.3 | H47: MYA | I47: A | J47: 120 | K47: 120 | L47: =+J47-K47 -> 0 | M47: 3 | N47: 1 | O47: =+N47*M47 -> 3 | P47: =+SUM(AA47:NZ47) -> 3 | Q47: =+O47-P47 -> 0 | T47: =IF(S47<>"",IF($Z$9="x",WORKDAY(IF(WEEKDAY(R47,1)=7,R47+2,IF(WEEKDAY(R47,1)=1,R47+1,R47)),S47-1),R47+S47-1),"") | U47: =+K47/J47 -> 1 | V47: =+U47*O47 -> 3 | W47: =SUMIFS($AA47:$NZ47, $AA$8:$NZ$8, $W$12)/$O47 -> 0 | X47: =SUMIF($AA$9:$NZ$9, "<=" & $W$11,$AA47:$NZ47)/$O47 -> 1 | Y47: =+X47*O47 -> 3 | AA47: 3
B48: =+B47 -> 2 | C48: =+C47 -> 1 | D48: 2 | E48: =B48&"."&C48&"."&D48 -> 2.1.2 | F48: Zigzak Mängel (South) | G48: 2.3 | H48: MYA | I48: A | J48: 80 | K48: 77 | L48: =+J48-K48 -> 3 | M48: 2 | N48: 3 | O48: =+N48*M48 -> 6 | P48: =+SUM(AA48:NZ48) -> 0 | Q48: =+O48-P48 -> 6 | T48: =IF(S48<>"",IF($Z$9="x",WORKDAY(IF(WEEKDAY(R48,1)=7,R48+2,IF(WEEKDAY(R48,1)=1,R48+1,R48)),S48-1),R48+S48-1),"") | U48: =+K48/J48 -> 0.9625 | V48: =+U48*O48 -> 5.775 | W48: =SUMIFS($AA48:$NZ48, $AA$8:$NZ$8, $W$12)/$O48 -> 0 | X48: =SUMIF($AA$9:$NZ$9, "<=" & $W$11,$AA48:$NZ48)/$O48 -> 0 | Y48: =+X48*O48 -> 0
B49: =+B48 -> 2 | C49: =+C48 -> 1 | D49: 3 | E49: =B49&"."&C49&"."&D49 -> 2.1.3 | F49: Zigzak Mängel (East) | G49: 2.3 | H49: MYA | I49: A | J49: 140 | K49: 137 | L49: =+J49-K49 -> 3 | M49: 2 | N49: 3 | O49: =+N49*M49 -> 6 | P49: =+SUM(AA49:NZ49) -> 0 | Q49: =+O49-P49 -> 6 | T49: =IF(S49<>"",IF($Z$9="x",WORKDAY(IF(WEEKDAY(R49,1)=7,R49+2,IF(WEEKDAY(R49,1)=1,R49+1,R49)),S49-1),R49+S49-1),"") | U49: =+K49/J49 -> 0.97857143 | V49: =+U49*O49 -> 5.8714286 | W49: =SUMIFS($AA49:$NZ49, $AA$8:$NZ$8, $W$12)/$O49 -> 0 | X49: =SUMIF($AA$9:$NZ$9, "<=" & $W$11,$AA49:$NZ49)/$O49 -> 0 | Y49: =+X49*O49 -> 0
B50: =+B49 -> 2 | C50: =+C46+1 -> 2 | D50: 0 | E50: =B50&"."&C50&"."&D50 -> 2.2.0 | F50: WT-1.5 | O50: =SUM(O51) -> 0 | T50: =IF(S50<>"",IF($Z$9="x",WORKDAY(IF(WEEKDAY(R50,1)=7,R50+2,IF(WEEKDAY(R50,1)=1,R50+1,R50)),S50-1),R50+S50-1),"") | U50: 1 | V50: =+U50*O50 -> 0
B51: =+B50 -> 2 | C51: =+C50 -> 2 | D51: 1 | E51: =B51&"."&C51&"."&D51 -> 2.2.1 | F51: Mängel (Galvanized sheet end Membran) (West) | G51: 2.3 | H51: MYA | I51: A | J51: 45 | K51: 45 | L51: =+J51-K51 -> 0 | M51: 0 | N51: 0 | O51: =+N51*M51 -> 0 | P51: =+SUM(AA51:NZ51) -> 0 | Q51: =+O51-P51 -> 0 | T51: =IF(S51<>"",IF($Z$9="x",WORKDAY(IF(WEEKDAY(R51,1)=7,R51+2,IF(WEEKDAY(R51,1)=1,R51+1,R51)),S51-1),R51+S51-1),"") | U51: =+K51/J51 -> 1 | V51: =+U51*O51 -> 0 | Y51: =+X51*O51 -> 0
B52: =+B51 -> 2 | C52: =+C50+1 -> 3 | D52: 0 | E52: =B52&"."&C52&"."&D52 -> 2.3.0 | F52: FT-05 | O52: =SUM(O53:O54) -> 102 | T52: =IF(S52<>"",IF($Z$9="x",WORKDAY(IF(WEEKDAY(R52,1)=7,R52+2,IF(WEEKDAY(R52,1)=1,R52+1,R52)),S52-1),R52+S52-1),"") | U52: =+SUMPRODUCT(U53:U55,O53:O55)/O52 -> 0.35294118 | V52: =+U52*O52 -> 36 | W52: =SUMIFS($AA52:$NZ52, $AA$8:$NZ$8, $W$12)/$O52 -> 0 | X52: =SUMIF($AA$9:$NZ$9, "<=" & $W$11,$AA52:$NZ52)/$O52 -> 0 | Y52: =+X52*O52 -> 0
B53: =+B52 -> 2 | C53: =+C52 -> 3 | D53: 1 | E53: =B53&"."&C53&"."&D53 -> 2.3.1 | F53: Glass installation | G53: 2,3,4 | H53: MYA | I53: B | J53: 5 | K53: 0 | L53: =+J53-K53 -> 5 | M53: 4 | N53: 3 | O53: =+N53*M53 -> 12 | P53: =+SUM(AA53:NZ53) -> 12 | Q53: =+O53-P53 -> 0 | R53: 46055 | S53: 3 | T53: =IF(S53<>"",IF($Z$9="x",WORKDAY(IF(WEEKDAY(R53,1)=7,R53+2,IF(WEEKDAY(R53,1)=1,R53+1,R53)),S53-1),R53+S53-1),"") -> 46057 | U53: =+K53/J53 -> 0 | V53: =+U53*O53 -> 0 | W53: =SUMIFS($AA53:$NZ53, $AA$8:$NZ$8, $W$12)/$O53 -> 0 | X53: =SUMIF($AA$9:$NZ$9, "<=" & $W$11,$AA53:$NZ53)/$O53 -> 0 | Y53: =+X53*O53 -> 0 | CS53: 4 | CT53: 4 | CU53: 4
B54: =+B53 -> 2 | C54: =+C53 -> 3 | D54: =+D53+1 -> 2 | E54: =B54&"."&C54&"."&D54 -> 2.3.2 | F54: Membrane control (Big) | G54: 2.3 | H54: MYA | I54: A | J54: 6 | K54: 0 | L54: =+J54-K54 -> 6 | M54: 3 | N54: 30 | O54: =+N54*M54 -> 90 | P54: =+SUM(AA54:NZ54) -> 81 | Q54: =+O54-P54 -> 9 | R54: 46034 | S54: 15 | T54: =IF(S54<>"",IF($Z$9="x",WORKDAY(IF(WEEKDAY(R54,1)=7,R54+2,IF(WEEKDAY(R54,1)=1,R54+1,R54)),S54-1),R54+S54-1),"") -> 46052 | U54: =+K54/J54 -> 0 | V54: =+U54*O54 -> 0 | W54: =SUMIFS($AA54:$NZ54, $AA$8:$NZ$8, $W$12)/$O54 -> 0 | X54: =SUMIF($AA$9:$NZ$9, "<=" & $W$11,$AA54:$NZ54)/$O54 -> 0 | Y54: =+X54*O54 -> 0 | BX54: 6 | BY54: 6 | BZ54: 6 | CA54: 6 | CB54: 6 | CC54: 6 | CE54: 3 | CF54: 3 | CG54: 3 | CH54: 3 | CI54: 3 | CJ54: 3 | CL54: 3 | CM54: 3 | CN54: 3 | CO54: 6 | CP54: 6 | CQ54: 6
B55: =+B54 -> 2 | C55: =+C54 -> 3 | D55: =+D54+1 -> 3 | E55: =B55&"."&C55&"."&D55 -> 2.3.3 | F55: Membrane control (Small) | G55: 2.3 | H55: MYA | I55: A | J55: 6 | K55: 4 | L55: =+J55-K55 -> 2 | M55: 3 | N55: 18 | O55: =+N55*M55 -> 54 | P55: =+SUM(AA55:NZ55) -> 54 | Q55: =+O55-P55 -> 0 | R55: 45985 | S55: 48 | T55: =IF(S55<>"",IF($Z$9="x",WORKDAY(IF(WEEKDAY(R55,1)=7,R55+2,IF(WEEKDAY(R55,1)=1,R55+1,R55)),S55-1),R55+S55-1),"") -> 46050 | U55: =+K55/J55 -> 0.66666667 | V55: =+U55*O55 -> 36 | W55: =SUMIFS($AA55:$NZ55, $AA$8:$NZ$8, $W$12)/$O55 -> 0 | X55: =SUMIF($AA$9:$NZ$9, "<=" & $W$11,$AA55:$NZ55)/$O55 -> 0.5 | Y55: =+X55*O55 -> 27 | AA55: 5 | AB55: 5 | AC55: 5 | AD55: 4 | AE55: 4 | AF55: 4 | CE55: 3 | CF55: 3 | CG55: 3 | CH55: 3 | CI55: 3 | CJ55: 3 | CL55: 3 | CM55: 3 | CN55: 3
B56: =+B54 -> 2 | C56: =+C53+1 -> 4 | D56: 0 | E56: =B56&"."&C56&"."&D56 -> 2.4.0 | F56: Attika | O56: =SUM(O57:O59) -> 102 | T56: =IF(S56<>"",IF($Z$9="x",WORKDAY(IF(WEEKDAY(R56,1)=7,R56+2,IF(WEEKDAY(R56,1)=1,R56+1,R56)),S56-1),R56+S56-1),"") | U56: =+SUMPRODUCT(U57:U59,O57:O59)/O56 -> 0.7676832 | V56: =+U56*O56 -> 78.303687 | W56: =SUMIFS($AA56:$NZ56, $AA$8:$NZ$8, $W$12)/$O56 -> 0 | X56: =SUMIF($AA$9:$NZ$9, "<=" & $W$11,$AA56:$NZ56)/$O56 -> 0 | Y56: =+X56*O56 -> 0
B57: =+B56 -> 2 | C57: =+C56 -> 4 | D57: =+D56+1 -> 1 | E57: =B57&"."&C57&"."&D57 -> 2.4.1 | F57: 7.OG | G57: 2 | H57: MYA | I57: B | J57: 200 | K57: 191 | L57: =+J57-K57 -> 9 | M57: 5 | N57: 3 | O57: =+N57*M57 -> 15 | P57: =+SUM(AA57:NZ57) -> 15 | Q57: =+O57-P57 -> 0 | R57: 45992 | S57: 3 | T57: =IF(S57<>"",IF($Z$9="x",WORKDAY(IF(WEEKDAY(R57,1)=7,R57+2,IF(WEEKDAY(R57,1)=1,R57+1,R57)),S57-1),R57+S57-1),"") -> 45994 | U57: =+K57/J57 -> 0.955 | V57: =+U57*O57 -> 14.325 | W57: =SUMIFS($AA57:$NZ57, $AA$8:$NZ$8, $W$12)/$O57 -> 0 | X57: =SUMIF($AA$9:$NZ$9, "<=" & $W$11,$AA57:$NZ57)/$O57 -> 1 | Y57: =+X57*O57 -> 15 | AH57: 5 | AI57: 5 | AJ57: 5
B58: =+B57 -> 2 | C58: =+C57 -> 4 | D58: =+D57+1 -> 2 | E58: =B58&"."&C58&"."&D58 -> 2.4.2 | F58: 5.OG | G58: 2 | H58: MYA | I58: B | J58: 24 | K58: 23 | L58: =+J58-K58 -> 1 | M58: 5 | N58: 3 | O58: =+N58*M58 -> 15 | P58: =+SUM(AA58:NZ58) -> 15 | Q58: =+O58-P58 -> 0 | R58: 45995 | S58: 2 | T58: =IF(S58<>"",IF($Z$9="x",WORKDAY(IF(WEEKDAY(R58,1)=7,R58+2,IF(WEEKDAY(R58,1)=1,R58+1,R58)),S58-1),R58+S58-1),"") -> 45996 | U58: =+K58/J58 -> 0.95833333 | V58: =+U58*O58 -> 14.375 | W58: =SUMIFS($AA58:$NZ58, $AA$8:$NZ$8, $W$12)/$O58 -> 0 | X58: =SUMIF($AA$9:$NZ$9, "<=" & $W$11,$AA58:$NZ58)/$O58 -> 1 | Y58: =+X58*O58 -> 15 | AK58: 5 | AL58: 5 | AM58: 5
B59: =+B58 -> 2 | C59: =+C58 -> 4 | D59: =+D58+1 -> 3 | E59: =B59&"."&C59&"."&D59 -> 2.4.3 | F59: 3.OG | O59: =+SUM(O60:O62) -> 72 | P59: =+SUM(P60:P62) -> 69 | Q59: =+O59-P59 -> 3 | T59: =IF(S59<>"",IF($Z$9="x",WORKDAY(IF(WEEKDAY(R59,1)=7,R59+2,IF(WEEKDAY(R59,1)=1,R59+1,R59)),S59-1),R59+S59-1),"") | U59: =+SUMPRODUCT(U60:U62,O60:O62)/O59 -> 0.68894009 | V59: =+U59*O59 -> 49.603687 | W59: =SUMIFS($AA59:$NZ59, $AA$8:$NZ$8, $W$12)/$O59 -> 0 | X59: =SUMIF($AA$9:$NZ$9, "<=" & $W$11,$AA59:$NZ59)/$O59 -> 0 | Y59: =+X59*O59 -> 0
B60: =+B59 -> 2 | C60: =+C59 -> 4 | D60: =+D59+1 -> 4 | E60: 2.4.3.1 | F60: New Design - Coordination with Roofing (NTA) | H60: MYA | P60: =+SUM(AA60:NZ60) -> 0 | Q60: =+O60-P60 -> 0 | T60: =IF(S60<>"",IF($Z$9="x",WORKDAY(IF(WEEKDAY(R60,1)=7,R60+2,IF(WEEKDAY(R60,1)=1,R60+1,R60)),S60-1),R60+S60-1),"") | V60: =+U60*O60 -> 0 | Y60: =+X60*O60 -> 0
B61: =+B60 -> 2 | C61: =+C60 -> 4 | D61: =+D60+1 -> 5 | E61: 2.4.3.2 | F61: 3.OG Attika (West) | G61: 2.3 | H61: MYA | I61: C | J61: 28 | K61: 16 | L61: =+J61-K61 -> 12 | M61: 3 | N61: 12 | O61: =+N61*M61 -> 36 | P61: =+SUM(AA61:NZ61) -> 33 | Q61: =+O61-P61 -> 3 | R61: 45999 | S61: 10 | T61: =IF(S61<>"",IF($Z$9="x",WORKDAY(IF(WEEKDAY(R61,1)=7,R61+2,IF(WEEKDAY(R61,1)=1,R61+1,R61)),S61-1),R61+S61-1),"") -> 46010 | U61: =+K61/J61 -> 0.57142857 | V61: =+U61*O61 -> 20.571429 | W61: =SUMIFS($AA61:$NZ61, $AA$8:$NZ$8, $W$12)/$O61 -> 0 | X61: =SUMIF($AA$9:$NZ$9, "<=" & $W$11,$AA61:$NZ61)/$O61 -> 0.91666667 | Y61: =+X61*O61 -> 33 | AO61: 3 | AP61: 3 | AQ61: 3 | AR61: 3 | AS61: 3 | AT61: 3 | AV61: 3 | AW61: 3 | AX61: 3 | AY61: 3 | AZ61: 3 | BA61: 0
B62: =+B61 -> 2 | C62: =+C61 -> 4 | D62: =+D61+1 -> 6 | E62: 2.4.3.3 | F62: 3.OG Attika (East) | G62: 2.3 | H62: MYA | I62: C | J62: 31 | K62: 25 | L62: =+J62-K62 -> 6 | M62: 3 | N62: 12 | O62: =+N62*M62 -> 36 | P62: =+SUM(AA62:NZ62) -> 36 | Q62: =+O62-P62 -> 0 | R62: 46034 | S62: 10 | T62: =IF(S62<>"",IF($Z$9="x",WORKDAY(IF(WEEKDAY(R62,1)=7,R62+2,IF(WEEKDAY(R62,1)=1,R62+1,R62)),S62-1),R62+S62-1),"") -> 46045 | U62: =+K62/J62 -> 0.80645161 | V62: =+U62*O62 -> 29.032258 | W62: =SUMIFS($AA62:$NZ62, $AA$8:$NZ$8, $W$12)/$O62 -> 0 | X62: =SUMIF($AA$9:$NZ$9, "<=" & $W$11,$AA62:$NZ62)/$O62 -> 0 | Y62: =+X62*O62 -> 0 | BX62: 3 | BY62: 3 | BZ62: 3 | CA62: 3 | CB62: 3 | CC62: 3 | CE62: 3 | CF62: 3 | CG62: 3 | CH62: 3 | CI62: 3 | CJ62: 3
B63: =+B62 -> 2 | C63: =+C62+1 -> 5 | D63: 0 | E63: =B63&"."&C63&"."&D63 -> 2.5.0 | F63: Steel substructure for ceramic tile installation (NTA) | H63: MYA | I63: C | J63: 2 | K63: 2 | L63: =+J63-K63 -> 0 | M63: 4 | N63: 4 | O63: =+N63*M63 -> 16 | R63: 45988 | S63: 2 | T63: =IF(S63<>"",IF($Z$9="x",WORKDAY(IF(WEEKDAY(R63,1)=7,R63+2,IF(WEEKDAY(R63,1)=1,R63+1,R63)),S63-1),R63+S63-1),"") -> 45989 | U63: =+K63/J63 -> 1 | V63: =+U63*O63 -> 16 | W63: =SUMIFS($AA63:$NZ63, $AA$8:$NZ$8, $W$12)/$O63 -> 0 | X63: =SUMIF($AA$9:$NZ$9, "<=" & $W$11,$AA63:$NZ63)/$O63 -> 0.75 | Y63: =+X63*O63 -> 12 | AD63: 4 | AE63: 4 | AF63: 4
B64: =+B63 -> 2 | C64: =+C63+1 -> 6 | D64: 0 | E64: =B64&"."&C64&"."&D64 -> 2.6.0 | F64: FT-12 - Canopy (Pullman) | O64: =SUM(O65:O67) -> 132 | T64: =IF(S64<>"",IF($Z$9="x",WORKDAY(IF(WEEKDAY(R64,1)=7,R64+2,IF(WEEKDAY(R64,1)=1,R64+1,R64)),S64-1),R64+S64-1),"") | U64: =+SUMPRODUCT(U65:U67,O65:O67)/O64 -> 0 | V64: =+U64*O64 -> 0 | W64: =SUMIFS($AA64:$NZ64, $AA$8:$NZ$8, $W$12)/$O64 -> 0 | X64: =SUMIF($AA$9:$NZ$9, "<=" & $W$11,$AA64:$NZ64)/$O64 -> 0 | Y64: =+X64*O64 -> 0
B65: =+B64 -> 2 | C65: =+C64 -> 6 | D65: =+D64+1 -> 1 | E65: =B65&"."&C65&"."&D65 -> 2.6.1 | F65: Steel installation | G65: 2,3,4 | H65: MYA | I65: B | J65: 40 | K65: 0 | L65: =+J65-K65 -> 40 | M65: 5 | N65: 12 | O65: =+N65*M65 -> 60 | P65: =+SUM(AA65:NZ65) -> 60 | Q65: =+O65-P65 -> 0 | R65: 46069 | S65: 10 | T65: =IF(S65<>"",IF($Z$9="x",WORKDAY(IF(WEEKDAY(R65,1)=7,R65+2,IF(WEEKDAY(R65,1)=1,R65+1,R65)),S65-1),R65+S65-1),"") -> 46080 | U65: =+K65/J65 -> 0 | V65: =+U65*O65 -> 0 | W65: =SUMIFS($AA65:$NZ65, $AA$8:$NZ$8, $W$12)/$O65 -> 0 | X65: =SUMIF($AA$9:$NZ$9, "<=" & $W$11,$AA65:$NZ65)/$O65 -> 0 | Y65: =+X65*O65 -> 0 | DG65: 5 | DH65: 5 | DI65: 5 | DJ65: 5 | DK65: 5 | DL65: 5 | DN65: 5 | DO65: 5 | DP65: 5 | DQ65: 5 | DR65: 5 | DS65: 5
B66: =+B65 -> 2 | C66: =+C65 -> 6 | D66: =+D65+1 -> 2 | E66: =B66&"."&C66&"."&D66 -> 2.6.2 | F66: Aluminium Substructure | G66: 2,3,4 | H66: MYA | I66: B | J66: 105 | K66: 0 | L66: =+J66-K66 -> 105 | M66: 4 | N66: 12 | O66: =+N66*M66 -> 48 | P66: =+SUM(AA66:NZ66) -> 48 | Q66: =+O66-P66 -> 0 | R66: 46083 | S66: 10 | T66: =IF(S66<>"",IF($Z$9="x",WORKDAY(IF(WEEKDAY(R66,1)=7,R66+2,IF(WEEKDAY(R66,1)=1,R66+1,R66)),S66-1),R66+S66-1),"") -> 46094 | U66: =+K66/J66 -> 0 | V66: =+U66*O66 -> 0 | W66: =SUMIFS($AA66:$NZ66, $AA$8:$NZ$8, $W$12)/$O66 -> 0 | X66: =SUMIF($AA$9:$NZ$9, "<=" & $W$11,$AA66:$NZ66)/$O66 -> 0 | Y66: =+X66*O66 -> 0 | DU66: 4 | DV66: 4 | DW66: 4 | DX66: 4 | DY66: 4 | DZ66: 4 | EB66: 4 | EC66: 4 | ED66: 4 | EE66: 4 | EF66: 4 | EG66: 4
B67: =+B66 -> 2 | C67: =+C66 -> 6 | D67: =+D66+1 -> 3 | E67: =B67&"."&C67&"."&D67 -> 2.6.3 | F67: Aluminium Cladding | G67: 2,3,4 | H67: MYA | I67: B | J67: 143 | K67: 0 | L67: =+J67-K67 -> 143 | M67: 4 | N67: 6 | O67: =+N67*M67 -> 24 | P67: =+SUM(AA67:NZ67) -> 24 | Q67: =+O67-P67 -> 0 | R67: =+R66+7 -> 46090 | S67: 5 | T67: =IF(S67<>"",IF($Z$9="x",WORKDAY(IF(WEEKDAY(R67,1)=7,R67+2,IF(WEEKDAY(R67,1)=1,R67+1,R67)),S67-1),R67+S67-1),"") -> 46094 | U67: =+K67/J67 -> 0 | V67: =+U67*O67 -> 0 | W67: =SUMIFS($AA67:$NZ67, $AA$8:$NZ$8, $W$12)/$O67 -> 0 | X67: =SUMIF($AA$9:$NZ$9, "<=" & $W$11,$AA67:$NZ67)/$O67 -> 0 | Y67: =+X67*O67 -> 0 | EB67: 4 | EC67: 4 | ED67: 4 | EE67: 4 | EF67: 4 | EG67: 4
B68: =+B67 -> 2 | C68: =+C67+1 -> 7 | D68: 0 | E68: =B68&"."&C68&"."&D68 -> 2.7.0 | F68: Dorma - Sliding door track installation (East) | H68: MYA | I68: B | J68: 1 | K68: 0 | L68: =+J68-K68 -> 1 | M68: 2 | N68: 3 | O68: =+N68*M68 -> 6 | T68: =IF(S68<>"",IF($Z$9="x",WORKDAY(IF(WEEKDAY(R68,1)=7,R68+2,IF(WEEKDAY(R68,1)=1,R68+1,R68)),S68-1),R68+S68-1),"") | U68: =+K68/J68 -> 0 | V68: =+U68*O68 -> 0 | W68: =SUMIFS($AA68:$NZ68, $AA$8:$NZ$8, $W$12)/$O68 -> 0 | X68: =SUMIF($AA$9:$NZ$9, "<=" & $W$11,$AA68:$NZ68)/$O68 -> 0 | Y68: =+X68*O68 -> 0
B69: =+B68 -> 2 | C69: =+C68+1 -> 8 | D69: 0 | E69: =B69&"."&C69&"."&D69 -> 2.8.0 | F69: FT14 Additional Spandrel Panel (NTA) | O69: =SUM(O71:O73) -> 10 | T69: =IF(S69<>"",IF($Z$9="x",WORKDAY(IF(WEEKDAY(R69,1)=7,R69+2,IF(WEEKDAY(R69,1)=1,R69+1,R69)),S69-1),R69+S69-1),"") | U69: =+SUMPRODUCT(U70:U73,O70:O73)/O69 -> 0 | V69: =+U69*O69 -> 0 | W69: =SUMIFS($AA69:$NZ69, $AA$8:$NZ$8, $W$12)/$O69 -> 0 | X69: =SUMIF($AA$9:$NZ$9, "<=" & $W$11,$AA69:$NZ69)/$O69 -> 0 | Y69: =+X69*O69 -> 0
B70: =+B69 -> 2 | C70: =+C69 -> 8 | D70: =+D69+1 -> 1 | E70: =B70&"."&C70&"."&D70 -> 2.8.1 | F70: New Design | H70: MYA | T70: =IF(S70<>"",IF($Z$9="x",WORKDAY(IF(WEEKDAY(R70,1)=7,R70+2,IF(WEEKDAY(R70,1)=1,R70+1,R70)),S70-1),R70+S70-1),"") | V70: =+U70*O70 -> 0
B71: =+B70 -> 2 | C71: =+C70 -> 8 | D71: =+D70+1 -> 2 | E71: =B71&"."&C71&"."&D71 -> 2.8.2 | F71: Approval by SOB / NTA Approval by URW | H71: SOB | T71: =IF(S71<>"",IF($Z$9="x",WORKDAY(IF(WEEKDAY(R71,1)=7,R71+2,IF(WEEKDAY(R71,1)=1,R71+1,R71)),S71-1),R71+S71-1),"") | V71: =+U71*O71 -> 0
B72: =+B71 -> 2 | C72: =+C71 -> 8 | D72: =+D71+1 -> 3 | E72: =B72&"."&C72&"."&D72 -> 2.8.3 | F72: Procurement + Manufacturing | H72: MYA | J72: 2 | K72: 0 | L72: =+J72-K72 -> 2 | O72: =+N72*M72 -> 0 | T72: =IF(S72<>"",IF($Z$9="x",WORKDAY(IF(WEEKDAY(R72,1)=7,R72+2,IF(WEEKDAY(R72,1)=1,R72+1,R72)),S72-1),R72+S72-1),"") | U72: =+K72/J72 -> 0 | V72: =+U72*O72 -> 0
B73: =+B72 -> 2 | C73: =+C72 -> 8 | D73: =+D72+1 -> 4 | E73: =B73&"."&C73&"."&D73 -> 2.8.4 | F73: Installation | G73: 1 | H73: MYA | I73: C | J73: 2 | K73: 0 | L73: =+J73-K73 -> 2 | M73: 2 | N73: 5 | O73: =+N73*M73 -> 10 | P73: =+SUM(AA73:NZ73) -> 12 | Q73: =+O73-P73 -> -2 | R73: 46069 | S73: 5 | T73: =IF(S73<>"",IF($Z$9="x",WORKDAY(IF(WEEKDAY(R73,1)=7,R73+2,IF(WEEKDAY(R73,1)=1,R73+1,R73)),S73-1),R73+S73-1),"") -> 46073 | U73: =+K73/J73 -> 0 | V73: =+U73*O73 -> 0 | W73: =SUMIFS($AA73:$NZ73, $AA$8:$NZ$8, $W$12)/$O73 -> 0 | X73: =SUMIF($AA$9:$NZ$9, "<=" & $W$11,$AA73:$NZ73)/$O73 -> 0 | Y73: =+X73*O73 -> 0 | DG73: 2 | DH73: 2 | DI73: 2 | DJ73: 2 | DK73: 2 | DL73: 2
B74: =+B73 -> 2 | C74: =+C73+1 -> 9 | D74: 0 | E74: =B74&"."&C74&"."&D74 -> 2.9.0 | F74: Additional Vent backside of Louver E2S West (NTA) | O74: =SUM(O76:O78) -> 10 | T74: =IF(S74<>"",IF($Z$9="x",WORKDAY(IF(WEEKDAY(R74,1)=7,R74+2,IF(WEEKDAY(R74,1)=1,R74+1,R74)),S74-1),R74+S74-1),"") | U74: =+SUMPRODUCT(U75:U78,O75:O78)/O74 -> 0 | V74: =+U74*O74 -> 0 | W74: =SUMIFS($AA74:$NZ74, $AA$8:$NZ$8, $W$12)/$O74 -> 0 | X74: =SUMIF($AA$9:$NZ$9, "<=" & $W$11,$AA74:$NZ74)/$O74 -> 0 | Y74: =+X74*O74 -> 0
B75: =+B74 -> 2 | C75: =+C74 -> 9 | D75: =+D74+1 -> 1 | E75: =B75&"."&C75&"."&D75 -> 2.9.1 | F75: New Design | H75: MYA | T75: =IF(S75<>"",IF($Z$9="x",WORKDAY(IF(WEEKDAY(R75,1)=7,R75+2,IF(WEEKDAY(R75,1)=1,R75+1,R75)),S75-1),R75+S75-1),"") | V75: =+U75*O75 -> 0 | Y75: =+X75*O75 -> 0
B76: =+B75 -> 2 | C76: =+C75 -> 9 | D76: =+D75+1 -> 2 | E76: =B76&"."&C76&"."&D76 -> 2.9.2 | F76: Approval by SOB / NTA Approval by URW | H76: SOB | T76: =IF(S76<>"",IF($Z$9="x",WORKDAY(IF(WEEKDAY(R76,1)=7,R76+2,IF(WEEKDAY(R76,1)=1,R76+1,R76)),S76-1),R76+S76-1),"") | V76: =+U76*O76 -> 0 | Y76: =+X76*O76 -> 0
B77: =+B76 -> 2 | C77: =+C76 -> 9 | D77: =+D76+1 -> 3 | E77: =B77&"."&C77&"."&D77 -> 2.9.3 | F77: Procurement + Manufacturing | H77: MYA | J77: 2 | K77: 0 | L77: =+J77-K77 -> 2 | O77: =+N77*M77 -> 0 | P77: =+SUM(AA77:NZ77) -> 0 | Q77: =+O77-P77 -> 0 | T77: =IF(S77<>"",IF($Z$9="x",WORKDAY(IF(WEEKDAY(R77,1)=7,R77+2,IF(WEEKDAY(R77,1)=1,R77+1,R77)),S77-1),R77+S77-1),"") | U77: =+K77/J77 -> 0 | V77: =+U77*O77 -> 0 | Y77: =+X77*O77 -> 0
B78: =+B77 -> 2 | C78: =+C77 -> 9 | D78: =+D77+1 -> 4 | E78: =B78&"."&C78&"."&D78 -> 2.9.4 | F78: Installation | G78: 1.6 | H78: MYA | I78: C | J78: 2 | K78: 0 | L78: =+J78-K78 -> 2 | M78: 2 | N78: 5 | O78: =+N78*M78 -> 10 | P78: =+SUM(AA78:NZ78) -> 12 | Q78: =+O78-P78 -> -2 | R78: 46069 | S78: 5 | T78: =IF(S78<>"",IF($Z$9="x",WORKDAY(IF(WEEKDAY(R78,1)=7,R78+2,IF(WEEKDAY(R78,1)=1,R78+1,R78)),S78-1),R78+S78-1),"") -> 46073 | U78: =+K78/J78 -> 0 | V78: =+U78*O78 -> 0 | W78: =SUMIFS($AA78:$NZ78, $AA$8:$NZ$8, $W$12)/$O78 -> 0 | X78: =SUMIF($AA$9:$NZ$9, "<=" & $W$11,$AA78:$NZ78)/$O78 -> 0 | Y78: =+X78*O78 -> 0 | DG78: 2 | DH78: 2 | DI78: 2 | DJ78: 2 | DK78: 2 | DL78: 2
B79: =+B78 -> 2 | C79: =+C78+1 -> 10 | D79: 0 | E79: =B79&"."&C79&"."&D79 -> 2.10.0 | F79: General – Glass replacement | H79: MYA | I79: B | J79: 36 | K79: 0 | L79: =+J79-K79 -> 36 | M79: 4 | N79: 12 | O79: =+N79*M79 -> 48 | T79: =IF(S79<>"",IF($Z$9="x",WORKDAY(IF(WEEKDAY(R79,1)=7,R79+2,IF(WEEKDAY(R79,1)=1,R79+1,R79)),S79-1),R79+S79-1),"") | U79: =+K79/J79 -> 0 | V79: =+U79*O79 -> 0 | W79: =SUMIFS($AA79:$NZ79, $AA$8:$NZ$8, $W$12)/$O79 -> 0 | X79: =SUMIF($AA$9:$NZ$9, "<=" & $W$11,$AA79:$NZ79)/$O79 -> 0 | Y79: =+X79*O79 -> 0
B80: =+B79 -> 2 | C80: =+C79+1 -> 11 | D80: 0 | E80: =B80&"."&C80&"."&D80 -> 2.11.0 | F80: Interkom Glasses (NTA) | H80: MYA | I80: C | J80: 6 | K80: 0 | L80: =+J80-K80 -> 6 | M80: 4 | N80: 6 | O80: =+N80*M80 -> 24 | T80: =IF(S80<>"",IF($Z$9="x",WORKDAY(IF(WEEKDAY(R80,1)=7,R80+2,IF(WEEKDAY(R80,1)=1,R80+1,R80)),S80-1),R80+S80-1),"") | U80: =+K80/J80 -> 0 | V80: =+U80*O80 -> 0 | W80: =SUMIFS($AA80:$NZ80, $AA$8:$NZ$8, $W$12)/$O80 -> 0 | X80: =SUMIF($AA$9:$NZ$9, "<=" & $W$11,$AA80:$NZ80)/$O80 -> 0 | Y80: =+X80*O80 -> 0
B81: =+B80 -> 2 | C81: =+C80+1 -> 12 | D81: 0 | E81: =B81&"."&C81&"."&D81 -> 2.12.0 | F81: FT-18 | O81: =SUM(O82:O84) -> 588 | T81: =IF(S81<>"",IF($Z$9="x",WORKDAY(IF(WEEKDAY(R81,1)=7,R81+2,IF(WEEKDAY(R81,1)=1,R81+1,R81)),S81-1),R81+S81-1),"") | U81: =+SUMPRODUCT(U82:U84,O82:O84)/O81 -> 0.019988817 | V81: =+U81*O81 -> 11.753425 | W81: =SUMIFS($AA81:$NZ81, $AA$8:$NZ$8, $W$12)/$O81 -> 0 | X81: =SUMIF($AA$9:$NZ$9, "<=" & $W$11,$AA81:$NZ81)/$O81 -> 0 | Y81: =+X81*O81 -> 0
B82: =+B81 -> 2 | C82: =+C81 -> 12 | D82: =+D81+1 -> 1 | E82: =B82&"."&C82&"."&D82 -> 2.12.1 | F82: Module Installation | G82: 2.6 | H82: MYA | I82: B | J82: 146 | K82: 143 | L82: =+J82-K82 -> 3 | M82: 4 | N82: 3 | O82: =+N82*M82 -> 12 | P82: =+SUM(AA82:NZ82) -> 12 | Q82: =+O82-P82 -> 0 | R82: 46107 | S82: 2 | T82: =IF(S82<>"",IF($Z$9="x",WORKDAY(IF(WEEKDAY(R82,1)=7,R82+2,IF(WEEKDAY(R82,1)=1,R82+1,R82)),S82-1),R82+S82-1),"") -> 46108 | U82: =+K82/J82 -> 0.97945205 | V82: =+U82*O82 -> 11.753425 | W82: =SUMIFS($AA82:$NZ82, $AA$8:$NZ$8, $W$12)/$O82 -> 0 | X82: =SUMIF($AA$9:$NZ$9, "<=" & $W$11,$AA82:$NZ82)/$O82 -> 0 | Y82: =+X82*O82 -> 0 | ES82: 4 | ET82: 4 | EU82: 4
B83: =+B82 -> 2 | C83: =+C82 -> 12 | D83: =+D82+1 -> 2 | E83: =B83&"."&C83&"."&D83 -> 2.12.2 | F83: Paint repair and bolt replacement | G83: 2.5 | H83: MYA | I83: A | J83: 1 | K83: 0 | L83: =+J83-K83 -> 1 | M83: 10 | N83: 48 | O83: =+N83*M83 -> 480 | P83: =+SUM(AA83:NZ83) -> 480 | Q83: =+O83-P83 -> 0 | R83: 46055 | S83: 40 | T83: =IF(S83<>"",IF($Z$9="x",WORKDAY(IF(WEEKDAY(R83,1)=7,R83+2,IF(WEEKDAY(R83,1)=1,R83+1,R83)),S83-1),R83+S83-1),"") -> 46108 | U83: =+K83/J83 -> 0 | V83: =+U83*O83 -> 0 | W83: =SUMIFS($AA83:$NZ83, $AA$8:$NZ$8, $W$12)/$O83 -> 0 | X83: =SUMIF($AA$9:$NZ$9, "<=" & $W$11,$AA83:$NZ83)/$O83 -> 0 | Y83: =+X83*O83 -> 0 | CS83: 10 | CT83: 10 | CU83: 10 | CV83: 10 | CW83: 10 | CX83: 10 | CZ83: 10 | DA83: 10 | DB83: 10 | DC83: 10 | DD83: 10 | DE83: 10 | DG83: 10 | DH83: 10 | DI83: 10 | DJ83: 10 | DK83: 10 | DL83: 10 | DN83: 10 | DO83: 10 | DP83: 10 | DQ83: 10 | DR83: 10 | DS83: 10 | DU83: 10 | DV83: 10 | DW83: 10 | DX83: 10 | DY83: 10 | DZ83: 10 | EB83: 10 | EC83: 10 | ED83: 10 | EE83: 10 | EF83: 10 | EG83: 10 | EI83: 10 | EJ83: 10 | EK83: 10 | EL83: 10 | EM83: 10 | EN83: 10 | EP83: 10 | EQ83: 10 | ER83: 10 | ES83: 10 | ET83: 10 | EU83: 10
B84: =+B83 -> 2 | C84: =+C83 -> 12 | D84: =+D83+1 -> 3 | E84: =B84&"."&C84&"."&D84 -> 2.12.3 | F84: Trapezoidal sheet installation | G84: 2.5 | H84: MYA | I84: B | J84: 265 | K84: 0 | L84: =+J84-K84 -> 265 | M84: 4 | N84: 24 | O84: =+N84*M84 -> 96 | P84: =+SUM(AA84:NZ84) -> 96 | Q84: =+O84-P84 -> 0 | R84: 46097 | S84: 10 | T84: =IF(S84<>"",IF($Z$9="x",WORKDAY(IF(WEEKDAY(R84,1)=7,R84+2,IF(WEEKDAY(R84,1)=1,R84+1,R84)),S84-1),R84+S84-1),"") -> 46108 | U84: =+K84/J84 -> 0 | V84: =+U84*O84 -> 0 | W84: =SUMIFS($AA84:$NZ84, $AA$8:$NZ$8, $W$12)/$O84 -> 0 | X84: =SUMIF($AA$9:$NZ$9, "<=" & $W$11,$AA84:$NZ84)/$O84 -> 0 | Y84: =+X84*O84 -> 0 | EI84: 8 | EJ84: 8 | EK84: 8 | EL84: 8 | EM84: 8 | EN84: 8 | EP84: 8 | EQ84: 8 | ER84: 8 | ES84: 8 | ET84: 8 | EU84: 8
B85: =+B84 -> 2 | C85: =+C84+1 -> 13 | D85: 0 | E85: =B85&"."&C85&"."&D85 -> 2.13.0 | F85: Doors | O85: =SUM(O86:O87) -> 48 | T85: =IF(S85<>"",IF($Z$9="x",WORKDAY(IF(WEEKDAY(R85,1)=7,R85+2,IF(WEEKDAY(R85,1)=1,R85+1,R85)),S85-1),R85+S85-1),"") | U85: =+SUMPRODUCT(U86:U87,O86:O87)/O85 -> 0 | V85: =+U85*O85 -> 0 | W85: =SUMIFS($AA85:$NZ85, $AA$8:$NZ$8, $W$12)/$O85 -> 0 | X85: =SUMIF($AA$9:$NZ$9, "<=" & $W$11,$AA85:$NZ85)/$O85 -> 0 | Y85: =+X85*O85 -> 0
B86: =+B85 -> 2 | C86: =+C85 -> 13 | D86: =+D85+1 -> 1 | E86: =B86&"."&C86&"."&D86 -> 2.13.1 | F86: Terminal Doors | G86: 2 | H86: MYA | I86: A | J86: 12 | K86: 0 | L86: =+J86-K86 -> 12 | M86: 4 | N86: 12 | O86: =+N86*M86 -> 48 | P86: =+SUM(AA86:NZ86) -> 0 | Q86: =+O86-P86 -> 48 | T86: =IF(S86<>"",IF($Z$9="x",WORKDAY(IF(WEEKDAY(R86,1)=7,R86+2,IF(WEEKDAY(R86,1)=1,R86+1,R86)),S86-1),R86+S86-1),"") | U86: =+K86/J86 -> 0 | V86: =+U86*O86 -> 0 | W86: =SUMIFS($AA86:$NZ86, $AA$8:$NZ$8, $W$12)/$O86 -> 0 | X86: =SUMIF($AA$9:$NZ$9, "<=" & $W$11,$AA86:$NZ86)/$O86 -> 0 | Y86: =+X86*O86 -> 0
B87: =+B86 -> 2 | C87: =+C86 -> 13 | D87: =+D86+1 -> 2 | E87: =B87&"."&C87&"."&D87 -> 2.13.2 | F87: Hotel Doors | G87: 2 | H87: MYA | I87: A | J87: 1 | K87: 0 | L87: =+J87-K87 -> 1 | O87: =+N87*M87 -> 0 | P87: =+SUM(AA87:NZ87) -> 0 | Q87: =+O87-P87 -> 0 | T87: =IF(S87<>"",IF($Z$9="x",WORKDAY(IF(WEEKDAY(R87,1)=7,R87+2,IF(WEEKDAY(R87,1)=1,R87+1,R87)),S87-1),R87+S87-1),"") | U87: =+K87/J87 -> 0 | V87: =+U87*O87 -> 0 | Y87: =+X87*O87 -> 0
T88: =IF(S88<>"",IF($Z$9="x",WORKDAY(IF(WEEKDAY(R88,1)=7,R88+2,IF(WEEKDAY(R88,1)=1,R88+1,R88)),S88-1),R88+S88-1),"") | V88: =+U88*O88 -> 0 | Y88: =+X88*O88 -> 0
B89: =+B57+1 -> 3 | C89: 0 | D89: 0 | E89: =B89&"."&C89&"."&D89 -> 3.0.0 | F89: E2S Inenhof | O89: =+SUM(O90,O95,O98,O104,O111,O119) -> 936 | T89: =+MAX(T90:T123) -> 46171 | U89: =+SUM(O90*U90,O95*U95,O98*U98,O104*U104,O111*U111,O119*U119)/O89 -> 0 | V89: =+U89*O89 -> 0 | Y89: =+X89*O89 -> 0
B90: =+B89 -> 3 | C90: =+C89+1 -> 1 | D90: 0 | E90: =B90&"."&C90&"."&D90 -> 3.1.0 | F90: WT-04 | O90: =SUM(O91:O94) -> 108 | T90: =IF(S90<>"",IF($Z$9="x",WORKDAY(IF(WEEKDAY(R90,1)=7,R90+2,IF(WEEKDAY(R90,1)=1,R90+1,R90)),S90-1),R90+S90-1),"") | U90: =+SUMPRODUCT(U91:U94,O91:O94)/O90 -> 0 | V90: =+U90*O90 -> 0 | W90: =SUMIFS($AA90:$NZ90, $AA$8:$NZ$8, $W$12)/$O90 -> 0 | X90: =SUMIF($AA$9:$NZ$9, "<=" & $W$11,$AA90:$NZ90)/$O90 -> 0 | Y90: =+X90*O90 -> 0
B91: =+B90 -> 3 | C91: =+C90 -> 1 | D91: =+D90+1 -> 1 | E91: =B91&"."&C91&"."&D91 -> 3.1.1 | F91: Schüco adaptör profile | G91: 2.6 | H91: MYA | I91: A | J91: 62 | K91: 0 | L91: =+J91-K91 -> 62 | M91: 2 | N91: 18 | O91: =+N91*M91 -> 36 | P91: =+SUM(AA91:NZ91) -> 36 | Q91: =+O91-P91 -> 0 | R91: 46069 | S91: 15 | T91: =IF(S91<>"",IF($Z$9="x",WORKDAY(IF(WEEKDAY(R91,1)=7,R91+2,IF(WEEKDAY(R91,1)=1,R91+1,R91)),S91-1),R91+S91-1),"") -> 46087 | U91: =+K91/J91 -> 0 | V91: =+U91*O91 -> 0 | W91: =SUMIFS($AA91:$NZ91, $AA$8:$NZ$8, $W$12)/$O91 -> 0 | X91: =SUMIF($AA$9:$NZ$9, "<=" & $W$11,$AA91:$NZ91)/$O91 -> 0 | Y91: =+X91*O91 -> 0 | DG91: 2 | DH91: 2 | DI91: 2 | DJ91: 2 | DK91: 2 | DL91: 2 | DN91: 2 | DO91: 2 | DP91: 2 | DQ91: 2 | DR91: 2 | DS91: 2 | DU91: 2 | DV91: 2 | DW91: 2 | DX91: 2 | DY91: 2 | DZ91: 2
B92: =+B91 -> 3 | C92: =+C91 -> 1 | D92: =+D91+1 -> 2 | E92: =B92&"."&C92&"."&D92 -> 3.1.2 | F92: Stone Installation | G92: 2.6 | H92: MYA | I92: A | J92: 53 | K92: 0 | L92: =+J92-K92 -> 53 | M92: 4 | N92: 6 | O92: =+N92*M92 -> 24 | P92: =+SUM(AA92:NZ92) -> 24 | Q92: =+O92-P92 -> 0 | R92: =+R91 -> 46069 | S92: 5 | T92: =IF(S92<>"",IF($Z$9="x",WORKDAY(IF(WEEKDAY(R92,1)=7,R92+2,IF(WEEKDAY(R92,1)=1,R92+1,R92)),S92-1),R92+S92-1),"") -> 46073 | U92: =+K92/J92 -> 0 | V92: =+U92*O92 -> 0 | W92: =SUMIFS($AA92:$NZ92, $AA$8:$NZ$8, $W$12)/$O92 -> 0 | X92: =SUMIF($AA$9:$NZ$9, "<=" & $W$11,$AA92:$NZ92)/$O92 -> 0 | Y92: =+X92*O92 -> 0 | DG92: 4 | DH92: 4 | DI92: 4 | DJ92: 4 | DK92: 4 | DL92: 4
B93: =+B92 -> 3 | C93: =+C92 -> 1 | D93: =+D92+1 -> 3 | E93: =B93&"."&C93&"."&D93 -> 3.1.3 | F93: Glass installation | G93: 2.6 | H93: MYA | I93: A | J93: 5 | K93: 0 | L93: =+J93-K93 -> 5 | M93: 4 | N93: 6 | O93: =+N93*M93 -> 24 | P93: =+SUM(AA93:NZ93) -> 24 | Q93: =+O93-P93 -> 0 | R93: 46076 | S93: 5 | T93: =IF(S93<>"",IF($Z$9="x",WORKDAY(IF(WEEKDAY(R93,1)=7,R93+2,IF(WEEKDAY(R93,1)=1,R93+1,R93)),S93-1),R93+S93-1),"") -> 46080 | U93: =+K93/J93 -> 0 | V93: =+U93*O93 -> 0 | W93: =SUMIFS($AA93:$NZ93, $AA$8:$NZ$8, $W$12)/$O93 -> 0 | X93: =SUMIF($AA$9:$NZ$9, "<=" & $W$11,$AA93:$NZ93)/$O93 -> 0 | Y93: =+X93*O93 -> 0 | DN93: 4 | DO93: 4 | DP93: 4 | DQ93: 4 | DR93: 4 | DS93: 4
B94: =+B93 -> 3 | C94: =+C93 -> 1 | D94: =+D93+1 -> 4 | E94: =B94&"."&C94&"."&D94 -> 3.1.4 | F94: Cocoon-Coordination* Depending on them | G94: 2.6 | H94: MYA | I94: A | J94: 1 | K94: 0 | L94: =+J94-K94 -> 1 | M94: 2 | N94: 12 | O94: =+N94*M94 -> 24 | P94: =+SUM(AA94:NZ94) -> 6 | Q94: =+O94-P94 -> 18 | T94: =IF(S94<>"",IF($Z$9="x",WORKDAY(IF(WEEKDAY(R94,1)=7,R94+2,IF(WEEKDAY(R94,1)=1,R94+1,R94)),S94-1),R94+S94-1),"") | U94: =+K94/J94 -> 0 | V94: =+U94*O94 -> 0 | W94: =SUMIFS($AA94:$NZ94, $AA$8:$NZ$8, $W$12)/$O94 -> 0 | X94: =SUMIF($AA$9:$NZ$9, "<=" & $W$11,$AA94:$NZ94)/$O94 -> 0.25 | Y94: =+X94*O94 -> 6 | AA94: 2 | AB94: 2 | AC94: 2
B95: =+B93 -> 3 | C95: =+C93+1 -> 2 | D95: 0 | E95: =B95&"."&C95&"."&D95 -> 3.2.0 | F95: WT-1.5 | O95: =SUM(O96:O97) -> 12 | T95: =IF(S95<>"",IF($Z$9="x",WORKDAY(IF(WEEKDAY(R95,1)=7,R95+2,IF(WEEKDAY(R95,1)=1,R95+1,R95)),S95-1),R95+S95-1),"") | U95: =+SUMPRODUCT(U96:U97,O96:O97)/O95 -> 0 | V95: =+U95*O95 -> 0 | W95: =SUMIFS($AA95:$NZ95, $AA$8:$NZ$8, $W$12)/$O95 -> 0 | X95: =SUMIF($AA$9:$NZ$9, "<=" & $W$11,$AA95:$NZ95)/$O95 -> 0 | Y95: =+X95*O95 -> 0
B96: =+B95 -> 3 | C96: =+C95 -> 2 | D96: =+D95+1 -> 1 | E96: =B96&"."&C96&"."&D96 -> 3.2.1 | F96: Mängel (Galvanized sheet end Membran) (West) | G96: 2.6 | H96: MYA | I96: A | J96: 33 | K96: 33 | L96: =+J96-K96 -> 0 | M96: 0 | N96: 0 | O96: =+N96*M96 -> 0 | P96: =+SUM(AA96:NZ96) -> 0 | Q96: =+O96-P96 -> 0 | T96: =IF(S96<>"",IF($Z$9="x",WORKDAY(IF(WEEKDAY(R96,1)=7,R96+2,IF(WEEKDAY(R96,1)=1,R96+1,R96)),S96-1),R96+S96-1),"") | U96: =+K96/J96 -> 1 | V96: =+U96*O96 -> 0 | Y96: =+X96*O96 -> 0
B97: =+B96 -> 3 | C97: =+C96 -> 2 | D97: =+D96+1 -> 2 | E97: =B97&"."&C97&"."&D97 -> 3.2.2 | F97: Schüco adaptör profile | G97: 2.6 | H97: MYA | I97: A | J97: 18 | K97: 0 | L97: =+J97-K97 -> 18 | M97: 2 | N97: 6 | O97: =+N97*M97 -> 12 | P97: =+SUM(AA97:NZ97) -> 12 | Q97: =+O97-P97 -> 0 | R97: 46097 | S97: 5 | T97: =IF(S97<>"",IF($Z$9="x",WORKDAY(IF(WEEKDAY(R97,1)=7,R97+2,IF(WEEKDAY(R97,1)=1,R97+1,R97)),S97-1),R97+S97-1),"") -> 46101 | U97: =+K97/J97 -> 0 | V97: =+U97*O97 -> 0 | W97: =SUMIFS($AA97:$NZ97, $AA$8:$NZ$8, $W$12)/$O97 -> 0 | X97: =SUMIF($AA$9:$NZ$9, "<=" & $W$11,$AA97:$NZ97)/$O97 -> 0 | Y97: =+X97*O97 -> 0 | EI97: 2 | EJ97: 2 | EK97: 2 | EL97: 2 | EM97: 2 | EN97: 2
B98: =+B96 -> 3 | C98: =+C96+1 -> 3 | D98: 0 | E98: =B98&"."&C98&"."&D98 -> 3.3.0 | F98: FT-03 | O98: =SUM(O99:O103) -> 186 | T98: =IF(S98<>"",IF($Z$9="x",WORKDAY(IF(WEEKDAY(R98,1)=7,R98+2,IF(WEEKDAY(R98,1)=1,R98+1,R98)),S98-1),R98+S98-1),"") | U98: =+SUMPRODUCT(U99:U103,O99:O103)/O98 -> 0 | V98: =+U98*O98 -> 0 | W98: =SUMIFS($AA98:$NZ98, $AA$8:$NZ$8, $W$12)/$O98 -> 0 | X98: =SUMIF($AA$9:$NZ$9, "<=" & $W$11,$AA98:$NZ98)/$O98 -> 0 | Y98: =+X98*O98 -> 0
B99: =+B98 -> 3 | C99: =+C98 -> 3 | D99: =+D98+1 -> 1 | E99: =B99&"."&C99&"."&D99 -> 3.3.1 | F99: Phonotherm structural board + Flashing Installation. | G99: 2 | H99: MYA | I99: B | J99: 107 | K99: 0 | L99: =+J99-K99 -> 107 | M99: 2 | N99: 18 | O99: =+N99*M99 -> 36 | P99: =+SUM(AA99:NZ99) -> 36 | Q99: =+O99-P99 -> 0 | R99: 46097 | S99: 15 | T99: =IF(S99<>"",IF($Z$9="x",WORKDAY(IF(WEEKDAY(R99,1)=7,R99+2,IF(WEEKDAY(R99,1)=1,R99+1,R99)),S99-1),R99+S99-1),"") -> 46115 | U99: =+K99/J99 -> 0 | V99: =+U99*O99 -> 0 | W99: =SUMIFS($AA99:$NZ99, $AA$8:$NZ$8, $W$12)/$O99 -> 0 | X99: =SUMIF($AA$9:$NZ$9, "<=" & $W$11,$AA99:$NZ99)/$O99 -> 0 | Y99: =+X99*O99 -> 0 | EI99: 2 | EJ99: 2 | EK99: 2 | EL99: 2 | EM99: 2 | EN99: 2 | EP99: 2 | EQ99: 2 | ER99: 2 | ES99: 2 | ET99: 2 | EU99: 2 | EW99: 2 | EX99: 2 | EY99: 2 | EZ99: 2 | FA99: 2 | FB99: 2
B100: =+B99 -> 3 | C100: =+C99 -> 3 | D100: =+D99+1 -> 2 | E100: =B100&"."&C100&"."&D100 -> 3.3.2 | F100: Glass Installation - Pressure + Cover | G100: 1,2,7,8 | H100: MYA | I100: B | J100: 27 | K100: 0 | L100: =+J100-K100 -> 27 | M100: 5 | N100: 6 | O100: =+N100*M100 -> 30 | P100: =+SUM(AA100:NZ100) -> 30 | Q100: =+O100-P100 -> 0 | R100: 46111 | S100: 5 | T100: =IF(S100<>"",IF($Z$9="x",WORKDAY(IF(WEEKDAY(R100,1)=7,R100+2,IF(WEEKDAY(R100,1)=1,R100+1,R100)),S100-1),R100+S100-1),"") -> 46115 | U100: =+K100/J100 -> 0 | V100: =+U100*O100 -> 0 | W100: =SUMIFS($AA100:$NZ100, $AA$8:$NZ$8, $W$12)/$O100 -> 0 | X100: =SUMIF($AA$9:$NZ$9, "<=" & $W$11,$AA100:$NZ100)/$O100 -> 0 | Y100: =+X100*O100 -> 0 | EW100: 5 | EX100: 5 | EY100: 5 | EZ100: 5 | FA100: 5 | FB100: 5
B101: =+B100 -> 3 | C101: =+C100 -> 3 | D101: =+D100+1 -> 3 | E101: =B101&"."&C101&"."&D101 -> 3.3.3 | F101: Aluminum sheet under the console end ceramic back, steel construction (East-West) | G101: 2,6,7,8 | H101: MYA | I101: B | J101: 38 | K101: 0 | L101: =+J101-K101 -> 38 | M101: 4 | N101: 24 | O101: =+N101*M101 -> 96 | P101: =+SUM(AA101:NZ101) -> 96 | Q101: =+O101-P101 -> 0 | R101: 46083 | S101: 10 | T101: =IF(S101<>"",IF($Z$9="x",WORKDAY(IF(WEEKDAY(R101,1)=7,R101+2,IF(WEEKDAY(R101,1)=1,R101+1,R101)),S101-1),R101+S101-1),"") -> 46094 | U101: =+K101/J101 -> 0 | V101: =+U101*O101 -> 0 | W101: =SUMIFS($AA101:$NZ101, $AA$8:$NZ$8, $W$12)/$O101 -> 0 | X101: =SUMIF($AA$9:$NZ$9, "<=" & $W$11,$AA101:$NZ101)/$O101 -> 0 | Y101: =+X101*O101 -> 0 | DU101: 8 | DV101: 8 | DW101: 8 | DX101: 8 | DY101: 8 | DZ101: 8 | EB101: 8 | EC101: 8 | ED101: 8 | EE101: 8 | EF101: 8 | EG101: 8
B102: =+B101 -> 3 | C102: =+C101 -> 3 | D102: =+D101+1 -> 4 | E102: =B102&"."&C102&"."&D102 -> 3.3.4 | F102: Top Finish Attika (Anc+Const.+Membr+Sheet) (North) | G102: 2 | H102: MYA | I102: B | J102: 39 | K102: 0 | L102: =+J102-K102 -> 39 | M102: 2 | N102: 6 | O102: =+N102*M102 -> 12 | P102: =+SUM(AA102:NZ102) -> 12 | Q102: =+O102-P102 -> 0 | R102: 46104 | S102: 8 | T102: =IF(S102<>"",IF($Z$9="x",WORKDAY(IF(WEEKDAY(R102,1)=7,R102+2,IF(WEEKDAY(R102,1)=1,R102+1,R102)),S102-1),R102+S102-1),"") -> 46113 | U102: =+K102/J102 -> 0 | V102: =+U102*O102 -> 0 | W102: =SUMIFS($AA102:$NZ102, $AA$8:$NZ$8, $W$12)/$O102 -> 0 | X102: =SUMIF($AA$9:$NZ$9, "<=" & $W$11,$AA102:$NZ102)/$O102 -> 0 | Y102: =+X102*O102 -> 0 | EP102: 2 | EQ102: 2 | ER102: 2 | EW102: 2 | EX102: 2 | EY102: 2
B103: =+B102 -> 3 | C103: =+C102 -> 3 | D103: =+D102+1 -> 5 | E103: =B103&"."&C103&"."&D103 -> 3.3.5 | F103: Installation of steel construction behind stone cladding (South) | G103: 2.6 | H103: MYA | I103: B | J103: 30 | K103: 0 | L103: =+J103-K103 -> 30 | M103: 2 | N103: 6 | O103: =+N103*M103 -> 12 | P103: =+SUM(AA103:NZ103) -> 12 | Q103: =+O103-P103 -> 0 | R103: 46104 | S103: 8 | T103: =IF(S103<>"",IF($Z$9="x",WORKDAY(IF(WEEKDAY(R103,1)=7,R103+2,IF(WEEKDAY(R103,1)=1,R103+1,R103)),S103-1),R103+S103-1),"") -> 46113 | U103: =+K103/J103 -> 0 | V103: =+U103*O103 -> 0 | W103: =SUMIFS($AA103:$NZ103, $AA$8:$NZ$8, $W$12)/$O103 -> 0 | X103: =SUMIF($AA$9:$NZ$9, "<=" & $W$11,$AA103:$NZ103)/$O103 -> 0 | Y103: =+X103*O103 -> 0 | EP103: 2 | EQ103: 2 | ER103: 2 | EW103: 2 | EX103: 2 | EY103: 2
...

Sheet 260113_E2NS Terminplan
Z4: 45931 | AA4: =TEXT(AD9,"MMMM JJ") -> November 25 | AH4: =TEXT(AM9,"MMMM JJ") -> December 25 | AO4: =TEXT(AT9,"MMMM JJ") -> December 25 | AV4: =TEXT(BA9,"MMMM JJ") -> December 25 | BC4: =TEXT(BH9,"MMMM JJ") -> December 25 | BJ4: =TEXT(BO9,"MMMM JJ") -> January 26 | BQ4: =TEXT(BV9,"MMMM JJ") -> January 26 | BX4: =TEXT(CC9,"MMMM JJ") -> January 26 | CE4: =TEXT(CJ9,"MMMM JJ") -> January 26 | CL4: =TEXT(CQ9,"MMMM JJ") -> January 26 | CS4: =TEXT(CX9,"MMMM JJ") -> February 26 | CZ4: =TEXT(DE9,"MMMM JJ") -> February 26 | DG4: =TEXT(DL9,"MMMM JJ") -> February 26 | DN4: =TEXT(DS9,"MMMM JJ") -> February 26 | DU4: =TEXT(DZ9,"MMMM JJ") -> March 26 | EB4: =TEXT(EG9,"MMMM JJ") -> March 26 | EI4: =TEXT(EN9,"MMMM JJ") -> March 26 | EP4: =TEXT(EU9,"MMMM JJ") -> March 26 | EW4: =TEXT(FB9,"MMMM JJ") -> April 26 | FD4: =TEXT(FI9,"MMMM JJ") -> April 26 | FK4: =TEXT(FP9,"MMMM JJ") -> April 26 | FR4: =TEXT(FW9,"MMMM JJ") -> April 26 | FY4: =TEXT(GD9,"MMMM JJ") -> May 26 | GF4: =TEXT(GK9,"MMMM JJ") -> May 26 | GM4: =TEXT(GR9,"MMMM JJ") -> May 26 | GT4: =TEXT(GY9,"MMMM JJ") -> May 26 | HA4: =TEXT(HF9,"MMMM JJ") -> May 26 | HH4: =TEXT(HM9,"MMMM JJ") -> June 26 | HO4: =TEXT(HT9,"MMMM JJ") -> June 26 | HV4: =TEXT(IA9,"MMMM JJ") -> June 26 | IC4: =TEXT(IH9,"MMMM JJ") -> June 26 | IJ4: =TEXT(IO9,"MMMM JJ") -> July 26 | IQ4: =TEXT(IV9,"MMMM JJ") -> July 26 | IX4: =TEXT(JC9,"MMMM JJ") -> July 26 | JE4: =TEXT(JJ9,"MMMM JJ") -> July 26 | JL4: =TEXT(JQ9,"MMMM JJ") -> August 26 | JS4: =TEXT(JX9,"MMMM JJ") -> August 26 | JZ4: =TEXT(KE9,"MMMM JJ") -> August 26 | KG4: =TEXT(KL9,"MMMM JJ") -> August 26 | KN4: =TEXT(KS9,"MMMM JJ") -> August 26 | KU4: =TEXT(KZ9,"MMMM JJ") -> September 26 | LB4: =TEXT(LG9,"MMMM JJ") -> September 26 | LI4: =TEXT(LN9,"MMMM JJ") -> September 26 | LP4: =TEXT(LU9,"MMMM JJ") -> September 26 | LW4: =TEXT(MB9,"MMMM JJ") -> October 26 | MD4: =TEXT(MI9,"MMMM JJ") -> October 26 | MK4: =TEXT(MP9,"MMMM JJ") -> October 26 | MR4: =TEXT(MW9,"MMMM JJ") -> October 26 | MY4: =TEXT(ND9,"MMMM JJ") -> October 26 | NF4: =TEXT(NK9,"MMMM JJ") -> November 26 | NM4: =TEXT(NR9,"MMMM JJ") -> November 26 | NT4: =TEXT(NY9,"MMMM JJ") -> November 26
R5: E2NS | AA5: =WEEKNUM(AF9,21) -> 48 | AH5: =WEEKNUM(AM9,21) -> 49 | AO5: =WEEKNUM(AT9,21) -> 50 | AV5: =WEEKNUM(BA9,21) -> 51 | BC5: =WEEKNUM(BH9,21) -> 52 | BJ5: =WEEKNUM(BO9,21) -> 1 | BQ5: =WEEKNUM(BV9,21) -> 2 | BX5: =WEEKNUM(CC9,21) -> 3 | CE5: =WEEKNUM(CJ9,21) -> 4 | CL5: =WEEKNUM(CQ9,21) -> 5 | CS5: =WEEKNUM(CX9,21) -> 6 | CZ5: =WEEKNUM(DE9,21) -> 7 | DG5: =WEEKNUM(DL9,21) -> 8 | DN5: =WEEKNUM(DS9,21) -> 9 | DU5: =WEEKNUM(DZ9,21) -> 10 | EB5: =WEEKNUM(EG9,21) -> 11 | EI5: =WEEKNUM(EN9,21) -> 12 | EP5: =WEEKNUM(EU9,21) -> 13 | EW5: =WEEKNUM(FB9,21) -> 14 | FD5: =WEEKNUM(FI9,21) -> 15 | FK5: =WEEKNUM(FP9,21) -> 16 | FR5: =WEEKNUM(FW9,21) -> 17 | FY5: =WEEKNUM(GD9,21) -> 18 | GF5: =WEEKNUM(GK9,21) -> 19 | GM5: =WEEKNUM(GR9,21) -> 20 | GT5: =WEEKNUM(GY9,21) -> 21 | HA5: =WEEKNUM(HF9,21) -> 22 | HH5: =WEEKNUM(HM9,21) -> 23 | HO5: =WEEKNUM(HT9,21) -> 24 | HV5: =WEEKNUM(IA9,21) -> 25 | IC5: =WEEKNUM(IH9,21) -> 26 | IJ5: =WEEKNUM(IO9,21) -> 27 | IQ5: =WEEKNUM(IV9,21) -> 28 | IX5: =WEEKNUM(JC9,21) -> 29 | JE5: =WEEKNUM(JJ9,21) -> 30 | JL5: =WEEKNUM(JQ9,21) -> 31 | JS5: =WEEKNUM(JX9,21) -> 32 | JZ5: =WEEKNUM(KE9,21) -> 33 | KG5: =WEEKNUM(KL9,21) -> 34 | KN5: =WEEKNUM(KS9,21) -> 35 | KU5: =WEEKNUM(KZ9,21) -> 36 | LB5: =WEEKNUM(LG9,21) -> 37 | LI5: =WEEKNUM(LN9,21) -> 38 | LP5: =WEEKNUM(LU9,21) -> 39 | LW5: =WEEKNUM(MB9,21) -> 40 | MD5: =WEEKNUM(MI9,21) -> 41 | MK5: =WEEKNUM(MP9,21) -> 42 | MR5: =WEEKNUM(MW9,21) -> 43 | MY5: =WEEKNUM(ND9,21) -> 44 | NF5: =WEEKNUM(NK9,21) -> 45 | NM5: =WEEKNUM(NR9,21) -> 46 | NT5: =WEEKNUM(NY9,21) -> 47
AA6: 41 | AB6: 42 | AC6: 43 | AD6: 44 | AE6: 45 | AF6: 46 | AG6: 47 | AH6: 48 | AI6: 49 | AJ6: 50 | AK6: 51 | AL6: 52 | AM6: 53 | AN6: 54 | AO6: 55 | AP6: 56 | AQ6: 57 | AR6: 58 | AS6: 59 | AT6: 60 | AU6: 61 | AV6: 62 | AW6: 63 | AX6: 64 | AY6: 65 | AZ6: 66 | BA6: 67 | BB6: 68 | BC6: 69 | BD6: 70 | BE6: 71 | BF6: 72 | BG6: 73 | BH6: 74 | BI6: 75 | BJ6: 76 | BK6: 77 | BL6: 78 | BM6: 79 | BN6: 80 | BO6: 81 | BP6: 82 | BQ6: 83 | BR6: 84 | BS6: 85 | BT6: 86 | BU6: 87 | BV6: 88 | BW6: 89 | BX6: 90 | BY6: 91 | BZ6: 92 | CA6: 93 | CB6: 94 | CC6: 95 | CD6: 96 | CE6: 97 | CF6: 98 | CG6: 99 | CH6: 100 | CI6: 101 | CJ6: 102 | CK6: 103 | CL6: 104 | CM6: 105 | CN6: 106 | CO6: 107 | CP6: 108 | CQ6: 109 | CR6: 110 | CS6: 111 | CT6: 112 | CU6: 113 | CV6: 114 | CW6: 115 | CX6: 116 | CY6: 117 | CZ6: 118 | DA6: 119 | DB6: 120 | DC6: 121 | DD6: 122 | DE6: 123 | DF6: 124 | DG6: 125 | DH6: 126 | DI6: 127 | DJ6: 128 | DK6: 129 | DL6: 130 | DM6: 131 | DN6: 132 | DO6: 133 | DP6: 134 | DQ6: 135 | DR6: 136 | DS6: 137 | DT6: 138 | DU6: 139 | DV6: 140 | DW6: 141 | DX6: 142 | DY6: 143 | DZ6: 144 | EA6: 145 | EB6: 146 | EC6: 147 | ED6: 148 | EE6: 149 | EG6: 151 | EH6: 152 | EI6: 153 | EJ6: 154 | EK6: 155 | EL6: 156 | EM6: 157 | EN6: 158 | EO6: 159 | EP6: 160 | EQ6: 161 | ER6: 162 | ES6: 163 | ET6: 164 | EU6: 165 | EV6: 166 | EW6: 167 | EX6: 168 | EY6: 169 | EZ6: 170 | FA6: 171 | FB6: 172 | FC6: 173 | FD6: 174 | FE6: 175 | FF6: 176 | FG6: 177 | FH6: 178 | FI6: 179 | FJ6: 180 | FK6: 181 | FL6: 182 | FM6: 183 | FN6: 184 | FO6: 185 | FP6: 186 | FQ6: 187 | FR6: 188 | FS6: 189 | FT6: 190 | FU6: 191 | FV6: 192 | FW6: 193 | FX6: 194 | FY6: 195 | FZ6: 196 | GA6: 197 | GB6: 198 | GC6: 199 | GD6: 200 | GE6: 201 | GF6: 202 | GG6: 203 | GH6: 204 | GI6: 205 | GJ6: 206 | GK6: 207 | GL6: 208 | GM6: 209 | GN6: 210 | GO6: 211 | GP6: 212 | GQ6: 213 | GR6: 214 | GS6: 215 | GT6: 216 | GU6: 217 | GV6: 218 | GW6: 219 | GX6: 220 | GY6: 221 | GZ6: 222 | HA6: 223 | HB6: 224 | HC6: 225 | HD6: 226 | HE6: 227 | HF6: 228 | HG6: 229 | HH6: 230 | HI6: 231 | HJ6: 232 | HK6: 233 | HL6: 234 | HM6: 235 | HN6: 236 | HO6: 237 | HP6: 238 | HQ6: 239 | HR6: 240 | HS6: 241 | HT6: 242 | HU6: 243 | HV6: 244 | HW6: 245 | HX6: 246 | HY6: 247 | HZ6: 248 | IA6: 249 | IB6: 250 | IC6: 251 | ID6: 252 | IE6: 253 | IF6: 254 | IG6: 255 | IH6: 256 | II6: 257 | IJ6: 258 | IK6: 259 | IL6: 260 | IM6: 261 | IN6: 262 | IO6: 263 | IP6: 264 | IQ6: 265 | IR6: 266 | IS6: 267 | IT6: 268 | IU6: 269 | IV6: 270 | IW6: 271 | IX6: 272 | IY6: 273 | IZ6: 274 | JA6: 275 | JB6: 276 | JC6: 277 | JD6: 278 | JE6: 279 | JF6: 280 | JG6: 281 | JH6: 282 | JI6: 283 | JJ6: 284 | JK6: 285 | JL6: 286 | JM6: 287 | JN6: 288 | JO6: 289 | JP6: 290 | JQ6: 291 | JR6: 292 | JS6: 293 | JT6: 294 | JU6: 295 | JV6: 296 | JW6: 297 | JX6: 298 | JY6: 299 | JZ6: 300 | KA6: 301 | KB6: 302 | KC6: 303 | KD6: 304 | KE6: 305 | KF6: 306 | KG6: 307 | KH6: 308 | KI6: 309 | KJ6: 310 | KK6: 311 | KL6: 312 | KM6: 313 | KN6: 314 | KO6: 315 | KP6: 316 | KQ6: 317 | KR6: 318 | KS6: 319 | KT6: 320 | KU6: 321 | KV6: 322 | KW6: 323 | KX6: 324 | KY6: 325 | KZ6: 326 | LA6: 327 | LB6: 328 | LC6: 329 | LD6: 330 | LE6: 331 | LF6: 332 | LG6: 333 | LH6: 334 | LI6: 335 | LJ6: 336 | LK6: 337 | LL6: 338 | LM6: 339 | LN6: 340 | LO6: 341 | LP6: 342 | LQ6: 343 | LR6: 344 | LS6: 345 | LT6: 346 | LU6: 347 | LV6: 348 | LW6: 349 | LX6: 350 | LY6: 351 | LZ6: 352 | MA6: 353 | MB6: 354 | MC6: 355 | MD6: 356 | ME6: 357 | MF6: 358 | MG6: 359 | MH6: 360 | MI6: 361 | MJ6: 362 | MK6: 363 | ML6: 364 | MM6: 365 | MN6: 366 | MO6: 367 | MP6: 368 | MQ6: 369 | MR6: 370 | MS6: 371 | MT6: 372 | MU6: 373 | MV6: 374 | MW6: 375 | MX6: 376 | MY6: 377 | MZ6: 378 | NA6: 379 | NB6: 380 | NC6: 381 | ND6: 382 | NE6: 383 | NF6: 384 | NG6: 385 | NH6: 386 | NI6: 387 | NJ6: 388 | NK6: 389 | NL6: 390 | NM6: 391 | NN6: 392 | NO6: 393 | NP6: 394 | NQ6: 395 | NR6: 396 | NS6: 397 | NT6: 398 | NU6: 399 | NV6: 400 | NW6: 401 | NX6: 402 | NY6: 403 | NZ6: 404
AA7: =TEXT(AA9,"TTT") -> Mon | AB7: =TEXT(AB9,"TTT") -> Tue | AC7: =TEXT(AC9,"TTT") -> Wed | AD7: =TEXT(AD9,"TTT") -> Thu | AE7: =TEXT(AE9,"TTT") -> Fri | AF7: =TEXT(AF9,"TTT") -> Sat | AG7: =TEXT(AG9,"TTT") -> Sun | AH7: =TEXT(AH9,"TTT") -> Mon | ... NZ7: =TEXT(NZ9,"TTT") -> Sun
AA8: =+_xlfn.ISOWEEKNUM(AA9) -> 48 | AB8: =+_xlfn.ISOWEEKNUM(AB9) -> 48 | AC8: =+_xlfn.ISOWEEKNUM(AC9) -> 48 | AD8: =+_xlfn.ISOWEEKNUM(AD9) -> 48 | AE8: =+_xlfn.ISOWEEKNUM(AE9) -> 48 | AF8: =+_xlfn.ISOWEEKNUM(AF9) -> 48 | AG8: =+_xlfn.ISOWEEKNUM(AG9) -> 48 | AH8: =+_xlfn.ISOWEEKNUM(AH9) -> 49 | ... NZ8: =+_xlfn.ISOWEEKNUM(NZ9) -> 47
Z9: x | AA9: 45985 | AB9: =AA9+1 -> 45986 | AC9: =AB9+1 -> 45987 | AD9: =AC9+1 -> 45988 | AE9: =AD9+1 -> 45989 | AF9: =AE9+1 -> 45990 | AG9: =AF9+1 -> 45991 | AH9: =AG9+1 -> 45992 | AI9: =AH9+1 -> 45993 | ... NZ9: =NY9+1 -> 46348
E10: Pos. | F10: Aufgabe/Tätigkeit | G10: Presequities | H10: Responsible | I10: Group | J10: QTY | K10: Done | L10: Rem. | M10: Manpower | N10: Duration | O10: Total Manday | R10: Beginn [Datum] | S10: =IF($Z$9="x","Ende nach [AT]","Endet nach [Tagen]") -> Ende nach [AT] | T10: Ende [Datum] | U10: Status | W10: =+"KW"&W13&" Progress" -> KW2 Progress | X10: =+"Cumulative Progress =<"&"KW"&W13 -> Cumulative Progress =<KW2 | Z10: Anmerkungen | AG10: µ | AL10: µ | AM10: µ | AN10: µ | AU10: µ | AZ10: µ | BA10: µ | BB10: µ
O11: =+O13+O46+O90+O126 -> 4169 | U11: =+(O13*U13+O46*U46+O90*U90+O126*U126)/O11 -> 0.088484642 | W11: =HLOOKUP(W13,AA8:PLB9,2,FALSE)+6 -> 46033 | AA11: =SUM(AA14:AA181) -> 15 | AB11: =SUM(AB14:AB181) -> 13 | AC11: =SUM(AC14:AC181) -> 15 | AD11: =SUM(AD14:AD181) -> 15 | AE11: =SUM(AE14:AE181) -> 15 | AF11: =SUM(AF14:AF181) -> 15 | AG11: =SUM(AG14:AG181) -> 0 | AH11: =SUM(AH14:AH181) -> 19 | ... HG11: =SUM(HG14:HG181) -> 0
BX12: =+BX11-BX35-BX84 -> 20 | BY12: =+BY11-BY35-BY84 -> 20 | BZ12: =+BZ11-BZ35-BZ84 -> 20 | CA12: =+CA11-CA35-CA84 -> 20 | CB12: =+CB11-CB35-CB84 -> 20 | CC12: =+CC11-CC35-CC84 -> 20 | CE12: =+CE11-CE35-CE84 -> 20 | CF12: =+CF11-CF35-CF84 -> 20 | CG12: =+CG11-CG35-CG84 -> 20 | CH12: =+CH11-CH35-CH84 -> 20 | CI12: =+CI11-CI35-CI84 -> 20 | CJ12: =+CJ11-CJ35-CJ84 -> 20 | CL12: =+CL11-CL35-CL84 -> 20 | CM12: =+CM11-CM35-CM84 -> 20 | CN12: =+CN11-CN35-CN84 -> 20 | CO12: =+CO11-CO35-CO84 -> 20 | CP12: =+CP11-CP35-CP84 -> 20 | CQ12: =+CQ11-CQ35-CQ84 -> 20 | CS12: =+CS11-CS35-CS84 -> 26 | CT12: =+CT11-CT35-CT84 -> 26 | CU12: =+CU11-CU35-CU84 -> 26 | CV12: =+CV11-CV35-CV84 -> 26 | CW12: =+CW11-CW35-CW84 -> 26 | CX12: =+CX11-CX35-CX84 -> 26 | CZ12: =+CZ11-CZ35-CZ84 -> 25 | DA12: =+DA11-DA35-DA84 -> 25 | DB12: =+DB11-DB35-DB84 -> 25 | DC12: =+DC11-DC35-DC84 -> 25 | DD12: =+DD11-DD35-DD84 -> 25 | DE12: =+DE11-DE35-DE84 -> 25 | DG12: =+DG11-DG35-DG84 -> 23 | DH12: =+DH11-DH35-DH84 -> 23 | DI12: =+DI11-DI35-DI84 -> 23 | DJ12: =+DJ11-DJ35-DJ84 -> 23 | DK12: =+DK11-DK35-DK84 -> 23 | DL12: =+DL11-DL35-DL84 -> 23 | DN12: =+DN11-DN35-DN84 -> 23 | DO12: =+DO11-DO35-DO84 -> 23 | DP12: =+DP11-DP35-DP84 -> 23 | DQ12: =+DQ11-DQ35-DQ84 -> 23 | DR12: =+DR11-DR35-DR84 -> 23 | DS12: =+DS11-DS35-DS84 -> 17 | DU12: =+DU11-DU35-DU84 -> 31 | DV12: =+DV11-DV35-DV84 -> 31 | DW12: =+DW11-DW35-DW84 -> 31 | DX12: =+DX11-DX35-DX84 -> 31 | DY12: =+DY11-DY35-DY84 -> 31 | DZ12: =+DZ11-DZ35-DZ84 -> 31 | EB12: =+EB11-EB35-EB84 -> 26 | EC12: =+EC11-EC35-EC84 -> 26 | ED12: =+ED11-ED35-ED84 -> 26 | EE12: =+EE11-EE35-EE84 -> 26 | EF12: =+EF11-EF35-EF84 -> 26 | EG12: =+EG11-EG35-EG84 -> 26 | EI12: =+EI11-EI35-EI84 -> 31 | EJ12: =+EJ11-EJ35-EJ84 -> 31 | EK12: =+EK11-EK35-EK84 -> 31 | EL12: =+EL11-EL35-EL84 -> 35 | EM12: =+EM11-EM35-EM84 -> 35 | EN12: =+EN11-EN35-EN84 -> 35 | EP12: =+EP11-EP35-EP84 -> 41 | EQ12: =+EQ11-EQ35-EQ84 -> 41 | ER12: =+ER11-ER35-ER84 -> 41 | ES12: =+ES11-ES35-ES84 -> 41 | ET12: =+ET11-ET35-ET84 -> 41 | EU12: =+EU11-EU35-EU84 -> 41 | EW12: =+EW11-EW35-EW84 -> 48 | EX12: =+EX11-EX35-EX84 -> 48 | EY12: =+EY11-EY35-EY84 -> 48 | EZ12: =+EZ11-EZ35-EZ84 -> 48 | FA12: =+FA11-FA35-FA84 -> 45 | FB12: =+FB11-FB35-FB84 -> 45
B13: 1 | C13: 0 | D13: 0 | E13: =B13&"."&C13&"."&D13 -> 1.0.0 | F13: E2 N | O13: =+SUM(O14,O19,O23,O24,O27:O34,O37) -> 1610 | T13: =+MAX(T14:T45) -> 46115 | U13: =+SUM(O14*U14,O19*U19,O23*U23,O24*U24,SUMPRODUCT(O27:O34,U27:U34),O37*U37)/O13 -> 0.12682542 | V13: =+U13*O13 -> 204.18893 | W13: =+Summary!D4 -> 2 | Y13: =+SUM(Y14,Y19,Y23,Y24,Y27:Y34,Y37) -> 48
B14: =+B13 -> 1 | C14: 1 | D14: 0 | E14: =B14&"."&C14&"."&D14 -> 1.1.0 | F14: E2N Outside Windows | O14: =SUM(O15:O18) -> 540 | T14: =IF(S14<>"",IF(#REF!="x",WORKDAY(IF(WEEKDAY(R14,1)=7,R14+2,IF(WEEKDAY(R14,1)=1,R14+1,R14)),S14-1),R14+S14-1),"") | U14: =+SUMPRODUCT(U15:U18,O15:O18)/O14 -> 0.02374169 | V14: =+U14*O14 -> 12.820513 | Y14: =+X14*O14 -> 0
B15: =+B14 -> 1 | C15: 1 | D15: 1 | E15: =B15&"."&C15&"."&D15 -> 1.1.1 | F15: Dismantling of Drywall + Al Sheet | G15: 1 | H15: MYA | I15: A | J15: 156 | K15: 8 | L15: =+J15-K15 -> 148 | M15: 2 | N15: 125 | O15: =+N15*M15 -> 250 | P15: =+SUM(AA15:NZ15) -> 250 | Q15: =+O15-P15 -> 0 | R15: 46034 | S15: 30 | T15: =IF(S15<>"",IF($Z$9="x",WORKDAY(IF(WEEKDAY(R15,1)=7,R15+2,IF(WEEKDAY(R15,1)=1,R15+1,R15)),S15-1),R15+S15-1),"") -> 46073 | U15: =+K15/J15 -> 0.051282051 | V15: =+U15*O15 -> 12.820513 | W15: =SUMIFS($AA15:$NZ15, $AA$8:$NZ$8, $W$13)/$O15 -> 0 | X15: =SUMIF($AA$9:$NZ$9, "<=" & $W$11,$AA15:$NZ15)/$O15 -> 0 | Y15: =+X15*O15 -> 0 | BX15: 4 | BY15: 4 | BZ15: 4 | CA15: 4 | CB15: 4 | CC15: 4 | CE15: 12 | CF15: 12 | CG15: 12 | CH15: 12 | CI15: 12 | CJ15: 12 | CL15: 8 | CM15: 8 | CN15: 8 | CO15: 8 | CP15: 8 | CQ15: 8 | CS15: 8 | CT15: 8 | CU15: 8 | CV15: 8 | CW15: 8 | CX15: 8 | CZ15: 6 | DA15: 6 | DB15: 6 | DC15: 6 | DD15: 6 | DE15: 6 | DG15: 4 | DH15: 4 | DI15: 4 | DJ15: 4 | DK15: 4 | DL15: 2
B16: =+B15 -> 1 | C16: 1 | D16: 2 | E16: =B16&"."&C16&"."&D16 -> 1.1.2 | F16: Application of New Membrane | G16: 1 | H16: MYA | I16: A | J16: =+J15 -> 156 | K16: 0 | L16: =+J16-K16 -> 156 | M16: 2 | N16: 80 | O16: =+N16*M16 -> 160 | P16: =+SUM(AA16:NZ16) -> 160 | Q16: =+O16-P16 -> 0 | R16: =+R15+7 -> 46041 | S16: 30 | T16: =IF(S16<>"",IF($Z$9="x",WORKDAY(IF(WEEKDAY(R16,1)=7,R16+2,IF(WEEKDAY(R16,1)=1,R16+1,R16)),S16-1),R16+S16-1),"") -> 46080 | U16: =+K16/J16 -> 0 | V16: =+U16*O16 -> 0 | W16: =SUMIFS($AA16:$NZ16, $AA$8:$NZ$8, $W$13)/$O16 -> 0 | X16: =SUMIF($AA$9:$NZ$9, "<=" & $W$11,$AA16:$NZ16)/$O16 -> 0 | Y16: =+X16*O16 -> 0 | CE16: 5 | CF16: 5 | CG16: 5 | CH16: 5 | CI16: 5 | CJ16: 5 | CL16: 6 | CM16: 6 | CN16: 6 | CO16: 6 | CP16: 6 | CQ16: 6 | CS16: 4 | CT16: 4 | CU16: 4 | CV16: 4 | CW16: 4 | CX16: 4 | CZ16: 4 | DA16: 4 | DB16: 4 | DC16: 4 | DD16: 4 | DE16: 4 | DG16: 4 | DH16: 4 | DI16: 4 | DJ16: 4 | DK16: 4 | DL16: 6 | DN16: 4 | DO16: 4 | DP16: 4 | DQ16: 4 | DR16: 4
B17: =+B16 -> 1 | C17: 1 | D17: =+D16+1 -> 3 | E17: =B17&"."&C17&"."&D17 -> 1.1.3 | F17: Installation of Al. Sheet | G17: 1 | H17: MYA | I17: A | J17: =+J16 -> 156 | K17: 0 | L17: =+J17-K17 -> 156 | M17: 2 | N17: 65 | O17: =+N17*M17 -> 130 | P17: =+SUM(AA17:NZ17) -> 130 | Q17: =+O17-P17 -> 0 | R17: =+R16+7 -> 46048 | S17: 25 | T17: =IF(S17<>"",IF($Z$9="x",WORKDAY(IF(WEEKDAY(R17,1)=7,R17+2,IF(WEEKDAY(R17,1)=1,R17+1,R17)),S17-1),R17+S17-1),"") -> 46080 | U17: =+K17/J17 -> 0 | V17: =+U17*O17 -> 0 | W17: =SUMIFS($AA17:$NZ17, $AA$8:$NZ$8, $W$13)/$O17 -> 0 | X17: =SUMIF($AA$9:$NZ$9, "<=" & $W$11,$AA17:$NZ17)/$O17 -> 0 | Y17: =+X17*O17 -> 0 | CL17: 4 | CM17: 4 | CN17: 4 | CO17: 4 | CP17: 4 | CQ17: 4 | CS17: 6 | CT17: 6 | CU17: 6 | CV17: 6 | CW17: 6 | CX17: 6 | CZ17: 4 | DA17: 4 | DB17: 4 | DC17: 4 | DD17: 4 | DE17: 4 | DG17: 4 | DH17: 4 | DI17: 4 | DJ17: 4 | DK17: 4 | DL17: 4 | DN17: 4 | DO17: 4 | DP17: 4 | DQ17: 4 | DR17: 4 | DS17: 2
B18: =+B16 -> 1 | C18: 1 | D18: =+D17+1 -> 4 | E18: =B18&"."&C18&"."&D18 -> 1.1.4 | F18: Installation of New Drywall | G18: 1 | H18: XXX | I18: A | J18: =+J16 -> 156 | K18: 0 | L18: =+J18-K18 -> 156 | O18: =+N18*M18 -> 0 | P18: =+SUM(AA18:NZ18) -> 0 | Q18: =+O18-P18 -> 0 | T18: =IF(S18<>"",IF($Z$9="x",WORKDAY(IF(WEEKDAY(R18,1)=7,R18+2,IF(WEEKDAY(R18,1)=1,R18+1,R18)),S18-1),R18+S18-1),"") | U18: =+K18/J18 -> 0 | V18: =+U18*O18 -> 0 | Y18: =+X18*O18 -> 0
B19: =+B18 -> 1 | C19: =+C18+1 -> 2 | D19: 0 | E19: =B19&"."&C19&"."&D19 -> 1.2.0 | F19: E2N Courtyard Windows | O19: =SUM(O20:O22) -> 160 | T19: =IF(S19<>"",IF($Z$9="x",WORKDAY(IF(WEEKDAY(R19,1)=7,R19+2,IF(WEEKDAY(R19,1)=1,R19+1,R19)),S19-1),R19+S19-1),"") | U19: =+SUMPRODUCT(U20:U22,O20:O22)/O19 -> 0.79605263 | V19: =+U19*O19 -> 127.36842 | Y19: =+X19*O19 -> 0
B20: =+B19 -> 1 | C20: =+C19 -> 2 | D20: =+D19+1 -> 1 | E20: =B20&"."&C20&"."&D20 -> 1.2.1 | F20: Dismantling of Drywall | G20: 1 | H20: MYA | I20: A | J20: 76 | K20: 76 | L20: =+J20-K20 -> 0 | M20: 10 | N20: 8 | O20: =+N20*M20 -> 80 | P20: =+SUM(AA20:NZ20) -> 80 | Q20: =+O20-P20 -> 0 | R20: 45985 | S20: 20 | T20: =IF(S20<>"",IF($Z$9="x",WORKDAY(IF(WEEKDAY(R20,1)=7,R20+2,IF(WEEKDAY(R20,1)=1,R20+1,R20)),S20-1),R20+S20-1),"") -> 46010 | U20: =+K20/J20 -> 1 | V20: =+U20*O20 -> 80 | W20: =SUMIFS($AA20:$NZ20, $AA$8:$NZ$8, $W$13)/$O20 -> 0 | X20: =SUMIF($AA$9:$NZ$9, "<=" & $W$11,$AA20:$NZ20)/$O20 -> 1 | Y20: =+X20*O20 -> 80 | AA20: 2 | AB20: 3 | AC20: 3 | AD20: 2 | AE20: 2 | AF20: 2 | AH20: 4 | AI20: 4 | AJ20: 4 | AK20: 4 | AL20: 4 | AM20: 4 | AO20: 4 | AP20: 4 | AQ20: 4 | AR20: 4 | AS20: 4 | AT20: 4 | AV20: 4 | AW20: 4 | AX20: 4 | AY20: 4 | AZ20: 2
B21: =+B20 -> 1 | C21: =+C20 -> 2 | D21: =+D20+1 -> 2 | E21: =B21&"."&C21&"."&D21 -> 1.2.2 | F21: Application of New Membrane | G21: 1 | H21: MYA | I21: A | J21: =+J20 -> 76 | K21: 45 | L21: =+J21-K21 -> 31 | M21: 10 | N21: 8 | O21: =+N21*M21 -> 80 | P21: =+SUM(AA21:NZ21) -> 134 | Q21: =+O21-P21 -> -54 | R21: 45999 | S21: 35 | T21: =IF(S21<>"",IF($Z$9="x",WORKDAY(IF(WEEKDAY(R21,1)=7,R21+2,IF(WEEKDAY(R21,1)=1,R21+1,R21)),S21-1),R21+S21-1),"") -> 46045 | U21: =+K21/J21 -> 0.59210526 | V21: =+U21*O21 -> 47.368421 | W21: =SUMIFS($AA21:$NZ21, $AA$8:$NZ$8, $W$13)/$O21 -> 0 | X21: =SUMIF($AA$9:$NZ$9, "<=" & $W$11,$AA21:$NZ21)/$O21 -> 0.55 | Y21: =+X21*O21 -> 44 | AO21: 4 | AP21: 4 | AQ21: 4 | AR21: 4 | AS21: 4 | AT21: 4 | AV21: 4 | AW21: 4 | AX21: 4 | AY21: 4 | AZ21: 4 | BX21: 14 | BY21: 14 | BZ21: 14 | CA21: 14 | CB21: 14 | CC21: 14 | CE21: 1 | CF21: 1 | CG21: 1 | CH21: 1 | CI21: 1 | CJ21: 1
B22: =+B21 -> 1 | C22: =+C21 -> 2 | D22: =+D21+1 -> 3 | E22: =B22&"."&C22&"."&D22 -> 1.2.3 | F22: Installation of New Drywall | G22: 1 | H22: XXX | I22: A | J22: =+J21 -> 76 | K22: 0 | L22: =+J22-K22 -> 76 | O22: =+N22*M22 -> 0 | P22: =+SUM(AA22:NZ22) -> 0 | Q22: =+O22-P22 -> 0 | T22: =IF(S22<>"",IF($Z$9="x",WORKDAY(IF(WEEKDAY(R22,1)=7,R22+2,IF(WEEKDAY(R22,1)=1,R22+1,R22)),S22-1),R22+S22-1),"") | U22: =+K22/J22 -> 0 | V22: =+U22*O22 -> 0 | Y22: =+X22*O22 -> 0
B23: =+B22 -> 1 | C23: =+C20+1 -> 3 | D23: 0 | E23: =B23&"."&C23&"."&D23 -> 1.3.0 | F23: Garage entrance aluminum cladding (north) | H23: MYA | I23: B | J23: 1 | K23: 1 | L23: =+J23-K23 -> 0 | M23: 4 | N23: 6 | O23: =+N23*M23 -> 24 | R23: 45992 | S23: 5 | T23: =IF(S23<>"",IF($Z$9="x",WORKDAY(IF(WEEKDAY(R23,1)=7,R23+2,IF(WEEKDAY(R23,1)=1,R23+1,R23)),S23-1),R23+S23-1),"") -> 45996 | U23: =+K23/J23 -> 1 | V23: =+U23*O23 -> 24 | W23: =SUMIFS($AA23:$NZ23, $AA$8:$NZ$8, $W$13)/$O23 -> 0 | X23: =SUMIF($AA$9:$NZ$9, "<=" & $W$11,$AA23:$NZ23)/$O23 -> 1 | Y23: =+X23*O23 -> 24 | AH23: 4 | AI23: 4 | AJ23: 4 | AK23: 4 | AL23: 4 | AM23: 4
B24: =+B23 -> 1 | C24: =+C23+1 -> 4 | D24: 0 | E24: =B24&"."&C24&"."&D24 -> 1.4.0 | F24: Hörmann Door (West) | O24: =SUM(O25:O26) -> 24 | T24: =IF(S24<>"",IF($Z$9="x",WORKDAY(IF(WEEKDAY(R24,1)=7,R24+2,IF(WEEKDAY(R24,1)=1,R24+1,R24)),S24-1),R24+S24-1),"") | U24: =+SUMPRODUCT(U25:U26,O25:O26)/O24 -> 0.66666667 | V24: =+U24*O24 -> 16 | W24: =SUMIFS($AA24:$NZ24, $AA$8:$NZ$8, $W$13)/$O24 -> 0 | X24: =SUMIF($AA$9:$NZ$9, "<=" & $W$11,$AA24:$NZ24)/$O24 -> 0 | Y24: =+X24*O24 -> 0
B25: =+B24 -> 1 | C25: =+C24 -> 4 | D25: 1 | E25: =B25&"."&C25&"."&D25 -> 1.4.1 | F25: Steel structure | G25: 2 | H25: MYA | I25: B | J25: 1 | K25: 1 | L25: =+J25-K25 -> 0 | M25: 4 | N25: 4 | O25: =+N25*M25 -> 16 | P25: =+SUM(AA25:NZ25) -> 0 | Q25: =+O25-P25 -> 16 | T25: =IF(S25<>"",IF($Z$9="x",WORKDAY(IF(WEEKDAY(R25,1)=7,R25+2,IF(WEEKDAY(R25,1)=1,R25+1,R25)),S25-1),R25+S25-1),"") | U25: =+K25/J25 -> 1 | V25: =+U25*O25 -> 16 | W25: =SUMIFS($AA25:$NZ25, $AA$8:$NZ$8, $W$13)/$O25 -> 0 | X25: =SUMIF($AA$9:$NZ$9, "<=" & $W$11,$AA25:$NZ25)/$O25 -> 0 | Y25: =+X25*O25 -> 0
B26: =+B25 -> 1 | C26: =+C25 -> 4 | D26: 2 | E26: =B26&"."&C26&"."&D26 -> 1.4.2 | F26: Door | G26: 2 | H26: MYA | I26: B | J26: 1 | K26: 0 | L26: =+J26-K26 -> 1 | M26: 4 | N26: 2 | O26: =+N26*M26 -> 8 | P26: =+SUM(AA26:NZ26) -> 8 | Q26: =+O26-P26 -> 0 | R26: 46002 | S26: 2 | T26: =IF(S26<>"",IF($Z$9="x",WORKDAY(IF(WEEKDAY(R26,1)=7,R26+2,IF(WEEKDAY(R26,1)=1,R26+1,R26)),S26-1),R26+S26-1),"") -> 46003 | U26: =+K26/J26 -> 0 | V26: =+U26*O26 -> 0 | W26: =SUMIFS($AA26:$NZ26, $AA$8:$NZ$8, $W$13)/$O26 -> 0 | X26: =SUMIF($AA$9:$NZ$9, "<=" & $W$11,$AA26:$NZ26)/$O26 -> 1 | Y26: =+X26*O26 -> 8 | AR26: 4 | AS26: 4
B27: =+B26 -> 1 | C27: =+C26+1 -> 5 | D27: 0 | E27: =B27&"."&C27&"."&D27 -> 1.5.0 | F27: FT-07 Glass Rotation and Gasket replacement (East-West) | G27: 2,3,4 | H27: MYA | I27: A | J27: 7 | K27: 0 | L27: =+J27-K27 -> 7 | M27: 3 | N27: 6 | O27: =+N27*M27 -> 18 | P27: =+SUM(AA27:NZ27) -> 18 | Q27: =+O27-P27 -> 0 | R27: 46083 | S27: 5 | T27: =IF(S27<>"",IF($Z$9="x",WORKDAY(IF(WEEKDAY(R27,1)=7,R27+2,IF(WEEKDAY(R27,1)=1,R27+1,R27)),S27-1),R27+S27-1),"") -> 46087 | U27: =+K27/J27 -> 0 | V27: =+U27*O27 -> 0 | W27: =SUMIFS($AA27:$NZ27, $AA$8:$NZ$8, $W$13)/$O27 -> 0 | X27: =SUMIF($AA$9:$NZ$9, "<=" & $W$11,$AA27:$NZ27)/$O27 -> 0 | Y27: =+X27*O27 -> 0 | DU27: 3 | DV27: 3 | DW27: 3 | DX27: 3 | DY27: 3 | DZ27: 3
B28: =+B27 -> 1 | C28: =+C27+1 -> 6 | D28: 0 | E28: =B28&"."&C28&"."&D28 -> 1.6.0 | F28: Breuninger facade –Bottom Al. Finishing Reinforcement | G28: 2 | H28: MYA | I28: A | J28: 30 | K28: 30 | L28: =+J28-K28 -> 0 | M28: 2 | N28: 6 | O28: =+N28*M28 -> 12 | P28: =+SUM(AA28:NZ28) -> 12 | Q28: =+O28-P28 -> 0 | R28: 45992 | S28: 5 | T28: =IF(S28<>"",IF($Z$9="x",WORKDAY(IF(WEEKDAY(R28,1)=7,R28+2,IF(WEEKDAY(R28,1)=1,R28+1,R28)),S28-1),R28+S28-1),"") -> 45996 | U28: =+K28/J28 -> 1 | V28: =+U28*O28 -> 12 | W28: =SUMIFS($AA28:$NZ28, $AA$8:$NZ$8, $W$13)/$O28 -> 0 | X28: =SUMIF($AA$9:$NZ$9, "<=" & $W$11,$AA28:$NZ28)/$O28 -> 1 | Y28: =+X28*O28 -> 12 | AH28: 2 | AI28: 2 | AJ28: 2 | AK28: 2 | AL28: 2 | AM28: 2
B29: =+B28 -> 1 | C29: =+C28+1 -> 7 | D29: 0 | E29: =B29&"."&C29&"."&D29 -> 1.7.0 | F29: RT02 Additional Balustrade Module (NTA) | G29: 2 | H29: MYA | I29: C | J29: 2 | K29: 0 | L29: =+J29-K29 -> 2 | M29: 4 | N29: 3 | O29: =+N29*M29 -> 12 | P29: =+SUM(AA29:NZ29) -> 12 | Q29: =+O29-P29 -> 0 | R29: 46083 | S29: 3 | T29: =IF(S29<>"",IF($Z$9="x",WORKDAY(IF(WEEKDAY(R29,1)=7,R29+2,IF(WEEKDAY(R29,1)=1,R29+1,R29)),S29-1),R29+S29-1),"") -> 46085 | U29: =+K29/J29 -> 0 | V29: =+U29*O29 -> 0 | W29: =SUMIFS($AA29:$NZ29, $AA$8:$NZ$8, $W$13)/$O29 -> 0 | X29: =SUMIF($AA$9:$NZ$9, "<=" & $W$11,$AA29:$NZ29)/$O29 -> 0 | Y29: =+X29*O29 -> 0 | DU29: 4 | DV29: 4 | DW29: 4
B30: =+B29 -> 1 | C30: =+C29+1 -> 8 | D30: 0 | E30: =B30&"."&C30&"."&D30 -> 1.8.0 | F30: FT-13 Canopy – Anodized Al. Sheet Replacement + Cap Replacement | G30: 2.3 | H30: MYA | I30: B | J30: 60 | K30: 0 | L30: =+J30-K30 -> 60 | M30: 4 | N30: 6 | O30: =+N30*M30 -> 24 | P30: =+SUM(AA30:NZ30) -> 24 | Q30: =+O30-P30 -> 0 | R30: 46111 | S30: 5 | T30: =IF(S30<>"",IF($Z$9="x",WORKDAY(IF(WEEKDAY(R30,1)=7,R30+2,IF(WEEKDAY(R30,1)=1,R30+1,R30)),S30-1),R30+S30-1),"") -> 46115 | U30: =+K30/J30 -> 0 | V30: =+U30*O30 -> 0 | W30: =SUMIFS($AA30:$NZ30, $AA$8:$NZ$8, $W$13)/$O30 -> 0 | X30: =SUMIF($AA$9:$NZ$9, "<=" & $W$11,$AA30:$NZ30)/$O30 -> 0 | Y30: =+X30*O30 -> 0 | EW30: 4 | EX30: 4 | EY30: 4 | EZ30: 4 | FA30: 4 | FB30: 4
B31: =+B30 -> 1 | C31: =+C30+1 -> 9 | D31: 0 | E31: =B31&"."&C31&"."&D31 -> 1.9.0 | F31: E2N - E3 Attika Connection Detail (East+North) | G31: 2 | H31: MYA | I31: B | J31: 2 | K31: 0 | L31: =+J31-K31 -> 2 | M31: 2 | N31: 4 | O31: =+N31*M31 -> 8 | P31: =+SUM(AA31:NZ31) -> 12 | Q31: =+O31-P31 -> -4 | R31: 46086 | S31: 2 | T31: =IF(S31<>"",IF($Z$9="x",WORKDAY(IF(WEEKDAY(R31,1)=7,R31+2,IF(WEEKDAY(R31,1)=1,R31+1,R31)),S31-1),R31+S31-1),"") -> 46087 | U31: =+K31/J31 -> 0 | V31: =+U31*O31 -> 0 | W31: =SUMIFS($AA31:$NZ31, $AA$8:$NZ$8, $W$13)/$O31 -> 0 | X31: =SUMIF($AA$9:$NZ$9, "<=" & $W$11,$AA31:$NZ31)/$O31 -> 0 | Y31: =+X31*O31 -> 0 | DX31: 4 | DY31: 4 | DZ31: 4
B32: =+B31 -> 1 | C32: =+C31+1 -> 10 | D32: 0 | E32: =B32&"."&C32&"."&D32 -> 1.10.0 | F32: E2N East Stone FT15 Connection Detail | G32: 2 | H32: MYA | I32: A | J32: 1 | K32: 1 | L32: =+J32-K32 -> 0 | M32: 2 | N32: 6 | O32: =+N32*M32 -> 12 | P32: =+SUM(AA32:NZ32) -> 12 | Q32: =+O32-P32 -> 0 | R32: 45992 | S32: 5 | T32: =IF(S32<>"",IF($Z$9="x",WORKDAY(IF(WEEKDAY(R32,1)=7,R32+2,IF(WEEKDAY(R32,1)=1,R32+1,R32)),S32-1),R32+S32-1),"") -> 45996 | U32: =+K32/J32 -> 1 | V32: =+U32*O32 -> 12 | W32: =SUMIFS($AA32:$NZ32, $AA$8:$NZ$8, $W$13)/$O32 -> 0 | X32: =SUMIF($AA$9:$NZ$9, "<=" & $W$11,$AA32:$NZ32)/$O32 -> 1 | Y32: =+X32*O32 -> 12 | AH32: 2 | AI32: 2 | AJ32: 2 | AK32: 2 | AL32: 2 | AM32: 2
B33: =+B32 -> 1 | C33: =+C32+1 -> 11 | D33: 0 | E33: =B33&"."&C33&"."&D33 -> 1.11.0 | F33: General – Glass replacement | G33: 2,3,4 | H33: MYA | I33: B | J33: 9 | K33: 0 | L33: =+J33-K33 -> 9 | M33: 4 | N33: 5 | O33: =+N33*M33 -> 20 | P33: =+SUM(AA33:NZ33) -> 0 | Q33: =+O33-P33 -> 20 | T33: =IF(S33<>"",IF($Z$9="x",WORKDAY(IF(WEEKDAY(R33,1)=7,R33+2,IF(WEEKDAY(R33,1)=1,R33+1,R33)),S33-1),R33+S33-1),"") | U33: =+K33/J33 -> 0 | V33: =+U33*O33 -> 0 | W33: =SUMIFS($AA33:$NZ33, $AA$8:$NZ$8, $W$13)/$O33 -> 0 | X33: =SUMIF($AA$9:$NZ$9, "<=" & $W$11,$AA33:$NZ33)/$O33 -> 0 | Y33: =+X33*O33 -> 0
B34: =+B33 -> 1 | C34: =+C33+1 -> 12 | D34: 0 | E34: =B34&"."&C34&"."&D34 -> 1.12.0 | F34: FT-18 | O34: =SUM(O35:O36) -> 504 | T34: =IF(S34<>"",IF($Z$9="x",WORKDAY(IF(WEEKDAY(R34,1)=7,R34+2,IF(WEEKDAY(R34,1)=1,R34+1,R34)),S34-1),R34+S34-1),"") | U34: =+SUMPRODUCT(U35:U36,O35:O36)/O34 -> 0 | V34: =+U34*O34 -> 0 | W34: =SUMIFS($AA34:$NZ34, $AA$8:$NZ$8, $W$13)/$O34 -> 0 | X34: =SUMIF($AA$9:$NZ$9, "<=" & $W$11,$AA34:$NZ34)/$O34 -> 0 | Y34: =+X34*O34 -> 0
B35: =+B34 -> 1 | C35: =+C34 -> 12 | D35: 1 | E35: =B35&"."&C35&"."&D35 -> 1.12.1 | F35: Paint repair and bolt replacement | G35: 2.5 | H35: MYA | I35: A | J35: 1 | K35: 0 | L35: =+J35-K35 -> 1 | M35: 10 | N35: 48 | O35: =+N35*M35 -> 480 | P35: =+SUM(AA35:NZ35) -> 480 | Q35: =+O35-P35 -> 0 | R35: 46055 | S35: 40 | T35: =IF(S35<>"",IF($Z$9="x",WORKDAY(IF(WEEKDAY(R35,1)=7,R35+2,IF(WEEKDAY(R35,1)=1,R35+1,R35)),S35-1),R35+S35-1),"") -> 46108 | U35: =+K35/J35 -> 0 | V35: =+U35*O35 -> 0 | W35: =SUMIFS($AA35:$NZ35, $AA$8:$NZ$8, $W$13)/$O35 -> 0 | X35: =SUMIF($AA$9:$NZ$9, "<=" & $W$11,$AA35:$NZ35)/$O35 -> 0 | Y35: =+X35*O35 -> 0 | CS35: 10 | CT35: 10 | CU35: 10 | CV35: 10 | CW35: 10 | CX35: 10 | CZ35: 10 | DA35: 10 | DB35: 10 | DC35: 10 | DD35: 10 | DE35: 10 | DG35: 10 | DH35: 10 | DI35: 10 | DJ35: 10 | DK35: 10 | DL35: 10 | DN35: 10 | DO35: 10 | DP35: 10 | DQ35: 10 | DR35: 10 | DS35: 10 | DU35: 10 | DV35: 10 | DW35: 10 | DX35: 10 | DY35: 10 | DZ35: 10 | EB35: 10 | EC35: 10 | ED35: 10 | EE35: 10 | EF35: 10 | EG35: 10 | EI35: 10 | EJ35: 10 | EK35: 10 | EL35: 10 | EM35: 10 | EN35: 10 | EP35: 10 | EQ35: 10 | ER35: 10 | ES35: 10 | ET35: 10 | EU35: 10
B36: =+B35 -> 1 | C36: =+C35 -> 12 | D36: 2 | E36: =B36&"."&C36&"."&D36 -> 1.12.2 | F36: 1141 Parcel / Passage and parapet installation (NTA) | G36: 2,3,4,5 | H36: MYA | I36: B | J36: 1 | K36: 0 | L36: =+J36-K36 -> 1 | M36: 4 | N36: 6 | O36: =+N36*M36 -> 24 | P36: =+SUM(AA36:NZ36) -> 24 | Q36: =+O36-P36 -> 0 | R36: 46104 | S36: 5 | T36: =IF(S36<>"",IF($Z$9="x",WORKDAY(IF(WEEKDAY(R36,1)=7,R36+2,IF(WEEKDAY(R36,1)=1,R36+1,R36)),S36-1),R36+S36-1),"") -> 46108 | U36: =+K36/J36 -> 0 | V36: =+U36*O36 -> 0 | W36: =SUMIFS($AA36:$NZ36, $AA$8:$NZ$8, $W$13)/$O36 -> 0 | X36: =SUMIF($AA$9:$NZ$9, "<=" & $W$11,$AA36:$NZ36)/$O36 -> 0 | Y36: =+X36*O36 -> 0 | EP36: 4 | EQ36: 4 | ER36: 4 | ES36: 4 | ET36: 4 | EU36: 4
B37: =+B36 -> 1 | C37: =+C36+1 -> 13 | D37: 0 | E37: =B37&"."&C37&"."&D37 -> 1.13.0 | F37: Acoustic Roof FT-18 (NTA) | O37: =SUM(O38:O40) -> 252 | T37: =IF(S37<>"",IF($Z$9="x",WORKDAY(IF(WEEKDAY(R37,1)=7,R37+2,IF(WEEKDAY(R37,1)=1,R37+1,R37)),S37-1),R37+S37-1),"") | U37: =+SUMPRODUCT(U38:U39,O38:O39)/O37 -> 0 | V37: =+U37*O37 -> 0 | W37: =SUMIFS($AA37:$NZ37, $AA$8:$NZ$8, $W$13)/$O37 -> 0 | X37: =SUMIF($AA$9:$NZ$9, "<=" & $W$11,$AA37:$NZ37)/$O37 -> 0 | Y37: =+X37*O37 -> 0
B38: =+B37 -> 1 | C38: =+C37 -> 13 | D38: =+D37+1 -> 1 | E38: =B38&"."&C38&"."&D38 -> 1.13.1 | F38: Installed Steel Drilling + Paint Touch up | G38: 2,3,4,5 | H38: MYA | I38: C | J38: 1 | K38: 0 | L38: =+J38-K38 -> 1 | M38: 4 | N38: 18 | O38: =+N38*M38 -> 72 | P38: =+SUM(AA38:NZ38) -> 72 | Q38: =+O38-P38 -> 0 | R38: 46076 | S38: 15 | T38: =IF(S38<>"",IF($Z$9="x",WORKDAY(IF(WEEKDAY(R38,1)=7,R38+2,IF(WEEKDAY(R38,1)=1,R38+1,R38)),S38-1),R38+S38-1),"") -> 46094 | U38: =+K38/J38 -> 0 | V38: =+U38*O38 -> 0 | W38: =SUMIFS($AA38:$NZ38, $AA$8:$NZ$8, $W$13)/$O38 -> 0 | X38: =SUMIF($AA$9:$NZ$9, "<=" & $W$11,$AA38:$NZ38)/$O38 -> 0 | Y38: =+X38*O38 -> 0 | DN38: 4 | DO38: 4 | DP38: 4 | DQ38: 4 | DR38: 4 | DS38: 4 | DU38: 4 | DV38: 4 | DW38: 4 | DX38: 4 | DY38: 4 | DZ38: 4 | EB38: 4 | EC38: 4 | ED38: 4 | EE38: 4 | EF38: 4 | EG38: 4
B39: =+B38 -> 1 | C39: =+C38 -> 13 | D39: =+D38+1 -> 2 | E39: =B39&"."&C39&"."&D39 -> 1.13.2 | F39: Acoustic Roof Secondary Steel Installation | G39: 2,3,4,5 | H39: MYA | I39: C | J39: 1 | K39: 0 | L39: =+J39-K39 -> 1 | M39: 4 | N39: 18 | O39: =+N39*M39 -> 72 | P39: =+SUM(AA39:NZ39) -> 72 | Q39: =+O39-P39 -> 0 | R39: 46090 | S39: 15 | T39: =IF(S39<>"",IF($Z$9="x",WORKDAY(IF(WEEKDAY(R39,1)=7,R39+2,IF(WEEKDAY(R39,1)=1,R39+1,R39)),S39-1),R39+S39-1),"") -> 46108 | U39: =+K39/J39 -> 0 | V39: =+U39*O39 -> 0 | W39: =SUMIFS($AA39:$NZ39, $AA$8:$NZ$8, $W$13)/$O39 -> 0 | X39: =SUMIF($AA$9:$NZ$9, "<=" & $W$11,$AA39:$NZ39)/$O39 -> 0 | Y39: =+X39*O39 -> 0 | EB39: 4 | EC39: 4 | ED39: 4 | EE39: 4 | EF39: 4 | EG39: 4 | EI39: 4 | EJ39: 4 | EK39: 4 | EL39: 4 | EM39: 4 | EN39: 4 | EP39: 4 | EQ39: 4 | ER39: 4 | ES39: 4 | ET39: 4 | EU39: 4
B40: =+B39 -> 1 | C40: =+C39 -> 13 | D40: =+D39+1 -> 3 | E40: =B40&"."&C40&"."&D40 -> 1.13.3 | F40: Modül installation | G40: 2,3,4,5 | H40: MYA | I40: C | J40: 1 | K40: 0 | L40: =+J40-K40 -> 1 | M40: 6 | N40: 18 | O40: =+N40*M40 -> 108 | P40: =+SUM(AA40:NZ40) -> 108 | Q40: =+O40-P40 -> 0 | R40: 46097 | S40: 15 | T40: =IF(S40<>"",IF($Z$9="x",WORKDAY(IF(WEEKDAY(R40,1)=7,R40+2,IF(WEEKDAY(R40,1)=1,R40+1,R40)),S40-1),R40+S40-1),"") -> 46115 | U40: =+K40/J40 -> 0 | V40: =+U40*O40 -> 0 | W40: =SUMIFS($AA40:$NZ40, $AA$8:$NZ$8, $W$13)/$O40 -> 0 | X40: =SUMIF($AA$9:$NZ$9, "<=" & $W$11,$AA40:$NZ40)/$O40 -> 0 | Y40: =+X40*O40 -> 0 | EI40: 6 | EJ40: 6 | EK40: 6 | EL40: 6 | EM40: 6 | EN40: 6 | EP40: 6 | EQ40: 6 | ER40: 6 | ES40: 6 | ET40: 6 | EU40: 6 | EW40: 6 | EX40: 6 | EY40: 6 | EZ40: 6 | FA40: 6 | FB40: 6
B41: =+B40 -> 1 | C41: =+C40+1 -> 14 | D41: 0 | E41: =B41&"."&C41&"."&D41 -> 1.14.0 | F41: Documentation + Testing | T41: =IF(S41<>"",IF($Z$9="x",WORKDAY(IF(WEEKDAY(R41,1)=7,R41+2,IF(WEEKDAY(R41,1)=1,R41+1,R41)),S41-1),R41+S41-1),"") | V41: =+U41*O41 -> 0 | Y41: =+X41*O41 -> 0
B42: =+B41 -> 1 | C42: =+C41 -> 14 | D42: =+D41+1 -> 1 | E42: =B42&"."&C42&"."&D42 -> 1.14.1 | F42: WT01 | H42: MYA | M42: 0 | N42: 0 | O42: =+N42*M42 -> 0 | T42: =IF(S42<>"",IF($Z$9="x",WORKDAY(IF(WEEKDAY(R42,1)=7,R42+2,IF(WEEKDAY(R42,1)=1,R42+1,R42)),S42-1),R42+S42-1),"") | V42: =+U42*O42 -> 0 | Y42: =+X42*O42 -> 0
B43: =+B42 -> 1 | C43: =+C42 -> 14 | D43: =+D42+1 -> 2 | E43: =B43&"."&C43&"."&D43 -> 1.14.2 | F43: FT08 | H43: MYA | M43: 0 | N43: 0 | O43: =+N43*M43 -> 0 | T43: =IF(S43<>"",IF($Z$9="x",WORKDAY(IF(WEEKDAY(R43,1)=7,R43+2,IF(WEEKDAY(R43,1)=1,R43+1,R43)),S43-1),R43+S43-1),"") | V43: =+U43*O43 -> 0 | Y43: =+X43*O43 -> 0
B44: =+B43 -> 1 | C44: =+C43 -> 14 | D44: =+D43+1 -> 3 | E44: =B44&"."&C44&"."&D44 -> 1.14.3 | F44: FT07 | H44: MYA | M44: 0 | N44: 0 | O44: =+N44*M44 -> 0 | T44: =IF(S44<>"",IF($Z$9="x",WORKDAY(IF(WEEKDAY(R44,1)=7,R44+2,IF(WEEKDAY(R44,1)=1,R44+1,R44)),S44-1),R44+S44-1),"") | V44: =+U44*O44 -> 0 | Y44: =+X44*O44 -> 0
T45: =IF(S45<>"",IF($Z$9="x",WORKDAY(IF(WEEKDAY(R45,1)=7,R45+2,IF(WEEKDAY(R45,1)=1,R45+1,R45)),S45-1),R45+S45-1),"") | V45: =+U45*O45 -> 0 | Y45: =+X45*O45 -> 0
B46: =+B13+1 -> 2 | C46: 0 | D46: 0 | E46: =B46&"."&C46&"."&D46 -> 2.0.0 | F46: E2S Exterior | O46: =+SUM(O47,O51,O53,O57,O64,O65,O69,O70,O75,O80,O81,O82,O86) -> 1101 | T46: =+MAX(T47:T88) -> 46129 | U46: =+SUM(O47*U47,O51*U51,O53*U53,O57*U57,O64*U64,O65*U65,O69*U69,O75*U75,O80*U80,O81*U81,O82*U82,O86*U86,O70*U70)/O46 -> 0.14232837 | V46: =+U46*O46 -> 156.70354 | Y46: =+SUM(Y47,Y51,Y53,Y57,Y64,Y65,Y69,Y70,Y75,Y80,Y81,Y82,Y86) -> 12
B47: =+B46 -> 2 | C47: 1 | D47: 0 | E47: =B47&"."&C47&"."&D47 -> 2.1.0 | F47: FT-02 Zigzak | O47: =SUM(O48:O50) -> 15 | T47: =IF(S47<>"",IF($Z$9="x",WORKDAY(IF(WEEKDAY(R47,1)=7,R47+2,IF(WEEKDAY(R47,1)=1,R47+1,R47)),S47-1),R47+S47-1),"") | U47: =+SUMPRODUCT(U48:U50,O48:O50)/O47 -> 0.97642857 | V47: =+U47*O47 -> 14.646429 | W47: =SUMIFS($AA47:$NZ47, $AA$8:$NZ$8, $W$13)/$O47 -> 0 | X47: =SUMIF($AA$9:$NZ$9, "<=" & $W$11,$AA47:$NZ47)/$O47 -> 0 | Y47: =+X47*O47 -> 0
B48: =+B47 -> 2 | C48: =+C47 -> 1 | D48: 1 | E48: =B48&"."&C48&"."&D48 -> 2.1.1 | F48: Zigzak Mängel (West) | G48: 2.3 | H48: MYA | I48: A | J48: 120 | K48: 120 | L48: =+J48-K48 -> 0 | M48: 3 | N48: 1 | O48: =+N48*M48 -> 3 | P48: =+SUM(AA48:NZ48) -> 3 | Q48: =+O48-P48 -> 0 | T48: =IF(S48<>"",IF($Z$9="x",WORKDAY(IF(WEEKDAY(R48,1)=7,R48+2,IF(WEEKDAY(R48,1)=1,R48+1,R48)),S48-1),R48+S48-1),"") | U48: =+K48/J48 -> 1 | V48: =+U48*O48 -> 3 | W48: =SUMIFS($AA48:$NZ48, $AA$8:$NZ$8, $W$13)/$O48 -> 0 | X48: =SUMIF($AA$9:$NZ$9, "<=" & $W$11,$AA48:$NZ48)/$O48 -> 1 | Y48: =+X48*O48 -> 3 | AA48: 3
B49: =+B48 -> 2 | C49: =+C48 -> 1 | D49: 2 | E49: =B49&"."&C49&"."&D49 -> 2.1.2 | F49: Zigzak Mängel (South) | G49: 2.3 | H49: MYA | I49: A | J49: 80 | K49: 77 | L49: =+J49-K49 -> 3 | M49: 2 | N49: 3 | O49: =+N49*M49 -> 6 | P49: =+SUM(AA49:NZ49) -> 0 | Q49: =+O49-P49 -> 6 | T49: =IF(S49<>"",IF($Z$9="x",WORKDAY(IF(WEEKDAY(R49,1)=7,R49+2,IF(WEEKDAY(R49,1)=1,R49+1,R49)),S49-1),R49+S49-1),"") | U49: =+K49/J49 -> 0.9625 | V49: =+U49*O49 -> 5.775 | W49: =SUMIFS($AA49:$NZ49, $AA$8:$NZ$8, $W$13)/$O49 -> 0 | X49: =SUMIF($AA$9:$NZ$9, "<=" & $W$11,$AA49:$NZ49)/$O49 -> 0 | Y49: =+X49*O49 -> 0
B50: =+B49 -> 2 | C50: =+C49 -> 1 | D50: 3 | E50: =B50&"."&C50&"."&D50 -> 2.1.3 | F50: Zigzak Mängel (East) | G50: 2.3 | H50: MYA | I50: A | J50: 140 | K50: 137 | L50: =+J50-K50 -> 3 | M50: 2 | N50: 3 | O50: =+N50*M50 -> 6 | P50: =+SUM(AA50:NZ50) -> 0 | Q50: =+O50-P50 -> 6 | T50: =IF(S50<>"",IF($Z$9="x",WORKDAY(IF(WEEKDAY(R50,1)=7,R50+2,IF(WEEKDAY(R50,1)=1,R50+1,R50)),S50-1),R50+S50-1),"") | U50: =+K50/J50 -> 0.97857143 | V50: =+U50*O50 -> 5.8714286 | W50: =SUMIFS($AA50:$NZ50, $AA$8:$NZ$8, $W$13)/$O50 -> 0 | X50: =SUMIF($AA$9:$NZ$9, "<=" & $W$11,$AA50:$NZ50)/$O50 -> 0 | Y50: =+X50*O50 -> 0
B51: =+B50 -> 2 | C51: =+C47+1 -> 2 | D51: 0 | E51: =B51&"."&C51&"."&D51 -> 2.2.0 | F51: WT-1.5 | O51: =SUM(O52) -> 0 | T51: =IF(S51<>"",IF($Z$9="x",WORKDAY(IF(WEEKDAY(R51,1)=7,R51+2,IF(WEEKDAY(R51,1)=1,R51+1,R51)),S51-1),R51+S51-1),"") | U51: 1 | V51: =+U51*O51 -> 0
B52: =+B51 -> 2 | C52: =+C51 -> 2 | D52: 1 | E52: =B52&"."&C52&"."&D52 -> 2.2.1 | F52: Mängel (Galvanized sheet end Membran) (West) | G52: 2.3 | H52: MYA | I52: A | J52: 45 | K52: 45 | L52: =+J52-K52 -> 0 | M52: 0 | N52: 0 | O52: =+N52*M52 -> 0 | P52: =+SUM(AA52:NZ52) -> 0 | Q52: =+O52-P52 -> 0 | T52: =IF(S52<>"",IF($Z$9="x",WORKDAY(IF(WEEKDAY(R52,1)=7,R52+2,IF(WEEKDAY(R52,1)=1,R52+1,R52)),S52-1),R52+S52-1),"") | U52: =+K52/J52 -> 1 | V52: =+U52*O52 -> 0 | Y52: =+X52*O52 -> 0
B53: =+B52 -> 2 | C53: =+C51+1 -> 3 | D53: 0 | E53: =B53&"."&C53&"."&D53 -> 2.3.0 | F53: FT-05 | O53: =SUM(O54:O55) -> 102 | T53: =IF(S53<>"",IF($Z$9="x",WORKDAY(IF(WEEKDAY(R53,1)=7,R53+2,IF(WEEKDAY(R53,1)=1,R53+1,R53)),S53-1),R53+S53-1),"") | U53: =+SUMPRODUCT(U54:U56,O54:O56)/O53 -> 0.35294118 | V53: =+U53*O53 -> 36 | W53: =SUMIFS($AA53:$NZ53, $AA$8:$NZ$8, $W$13)/$O53 -> 0 | X53: =SUMIF($AA$9:$NZ$9, "<=" & $W$11,$AA53:$NZ53)/$O53 -> 0 | Y53: =+X53*O53 -> 0
B54: =+B53 -> 2 | C54: =+C53 -> 3 | D54: 1 | E54: =B54&"."&C54&"."&D54 -> 2.3.1 | F54: Glass installation | G54: 2,3,4 | H54: MYA | I54: B | J54: 5 | K54: 0 | L54: =+J54-K54 -> 5 | M54: 4 | N54: 3 | O54: =+N54*M54 -> 12 | P54: =+SUM(AA54:NZ54) -> 12 | Q54: =+O54-P54 -> 0 | R54: 46100 | S54: 2 | T54: =IF(S54<>"",IF($Z$9="x",WORKDAY(IF(WEEKDAY(R54,1)=7,R54+2,IF(WEEKDAY(R54,1)=1,R54+1,R54)),S54-1),R54+S54-1),"") -> 46101 | U54: =+K54/J54 -> 0 | V54: =+U54*O54 -> 0 | W54: =SUMIFS($AA54:$NZ54, $AA$8:$NZ$8, $W$13)/$O54 -> 0 | X54: =SUMIF($AA$9:$NZ$9, "<=" & $W$11,$AA54:$NZ54)/$O54 -> 0 | Y54: =+X54*O54 -> 0 | EL54: 4 | EM54: 4 | EN54: 4
B55: =+B54 -> 2 | C55: =+C54 -> 3 | D55: =+D54+1 -> 2 | E55: =B55&"."&C55&"."&D55 -> 2.3.2 | F55: Membrane control (Big) | G55: 2.3 | H55: MYA | I55: A | J55: 6 | K55: 0 | L55: =+J55-K55 -> 6 | M55: 3 | N55: 30 | O55: =+N55*M55 -> 90 | P55: =+SUM(AA55:NZ55) -> 90 | Q55: =+O55-P55 -> 0 | R55: 46065 | S55: 25 | T55: =IF(S55<>"",IF($Z$9="x",WORKDAY(IF(WEEKDAY(R55,1)=7,R55+2,IF(WEEKDAY(R55,1)=1,R55+1,R55)),S55-1),R55+S55-1),"") -> 46099 | U55: =+K55/J55 -> 0 | V55: =+U55*O55 -> 0 | W55: =SUMIFS($AA55:$NZ55, $AA$8:$NZ$8, $W$13)/$O55 -> 0 | X55: =SUMIF($AA$9:$NZ$9, "<=" & $W$11,$AA55:$NZ55)/$O55 -> 0 | Y55: =+X55*O55 -> 0 | DC55: 3 | DD55: 3 | DE55: 3 | DG55: 3 | DH55: 3 | DI55: 3 | DJ55: 3 | DK55: 3 | DL55: 3 | DN55: 3 | DO55: 3 | DP55: 3 | DQ55: 3 | DR55: 3 | DS55: 3 | DU55: 3 | DV55: 3 | DW55: 3 | DX55: 3 | DY55: 3 | DZ55: 3 | EB55: 3 | EC55: 3 | ED55: 3 | EE55: 3 | EF55: 3 | EG55: 3 | EI55: 3 | EJ55: 3 | EK55: 3
B56: =+B55 -> 2 | C56: =+C55 -> 3 | D56: =+D55+1 -> 3 | E56: =B56&"."&C56&"."&D56 -> 2.3.3 | F56: Membrane control (Small) | G56: 2.3 | H56: MYA | I56: A | J56: 6 | K56: 4 | L56: =+J56-K56 -> 2 | M56: 3 | N56: 18 | O56: =+N56*M56 -> 54 | P56: =+SUM(AA56:NZ56) -> 54 | Q56: =+O56-P56 -> 0 | R56: 45985 | S56: 58 | T56: =IF(S56<>"",IF($Z$9="x",WORKDAY(IF(WEEKDAY(R56,1)=7,R56+2,IF(WEEKDAY(R56,1)=1,R56+1,R56)),S56-1),R56+S56-1),"") -> 46064 | U56: =+K56/J56 -> 0.66666667 | V56: =+U56*O56 -> 36 | W56: =SUMIFS($AA56:$NZ56, $AA$8:$NZ$8, $W$13)/$O56 -> 0 | X56: =SUMIF($AA$9:$NZ$9, "<=" & $W$11,$AA56:$NZ56)/$O56 -> 0.5 | Y56: =+X56*O56 -> 27 | AA56: 5 | AB56: 5 | AC56: 5 | AD56: 4 | AE56: 4 | AF56: 4 | CS56: 3 | CT56: 3 | CU56: 3 | CV56: 3 | CW56: 3 | CX56: 3 | CZ56: 3 | DA56: 3 | DB56: 3
B57: =+B55 -> 2 | C57: =+C54+1 -> 4 | D57: 0 | E57: =B57&"."&C57&"."&D57 -> 2.4.0 | F57: Attika | O57: =SUM(O58:O60) -> 102 | T57: =IF(S57<>"",IF($Z$9="x",WORKDAY(IF(WEEKDAY(R57,1)=7,R57+2,IF(WEEKDAY(R57,1)=1,R57+1,R57)),S57-1),R57+S57-1),"") | U57: =+SUMPRODUCT(U58:U60,O58:O60)/O57 -> 0.7676832 | V57: =+U57*O57 -> 78.303687 | W57: =SUMIFS($AA57:$NZ57, $AA$8:$NZ$8, $W$13)/$O57 -> 0 | X57: =SUMIF($AA$9:$NZ$9, "<=" & $W$11,$AA57:$NZ57)/$O57 -> 0 | Y57: =+X57*O57 -> 0
B58: =+B57 -> 2 | C58: =+C57 -> 4 | D58: =+D57+1 -> 1 | E58: =B58&"."&C58&"."&D58 -> 2.4.1 | F58: 7.OG | G58: 2 | H58: MYA | I58: B | J58: 200 | K58: 191 | L58: =+J58-K58 -> 9 | M58: 5 | N58: 3 | O58: =+N58*M58 -> 15 | P58: =+SUM(AA58:NZ58) -> 15 | Q58: =+O58-P58 -> 0 | R58: 45992 | S58: 3 | T58: =IF(S58<>"",IF($Z$9="x",WORKDAY(IF(WEEKDAY(R58,1)=7,R58+2,IF(WEEKDAY(R58,1)=1,R58+1,R58)),S58-1),R58+S58-1),"") -> 45994 | U58: =+K58/J58 -> 0.955 | V58: =+U58*O58 -> 14.325 | W58: =SUMIFS($AA58:$NZ58, $AA$8:$NZ$8, $W$13)/$O58 -> 0 | X58: =SUMIF($AA$9:$NZ$9, "<=" & $W$11,$AA58:$NZ58)/$O58 -> 1 | Y58: =+X58*O58 -> 15 | AH58: 5 | AI58: 5 | AJ58: 5
B59: =+B58 -> 2 | C59: =+C58 -> 4 | D59: =+D58+1 -> 2 | E59: =B59&"."&C59&"."&D59 -> 2.4.2 | F59: 5.OG | G59: 2 | H59: MYA | I59: B | J59: 24 | K59: 23 | L59: =+J59-K59 -> 1 | M59: 5 | N59: 3 | O59: =+N59*M59 -> 15 | P59: =+SUM(AA59:NZ59) -> 15 | Q59: =+O59-P59 -> 0 | R59: 45995 | S59: 2 | T59: =IF(S59<>"",IF($Z$9="x",WORKDAY(IF(WEEKDAY(R59,1)=7,R59+2,IF(WEEKDAY(R59,1)=1,R59+1,R59)),S59-1),R59+S59-1),"") -> 45996 | U59: =+K59/J59 -> 0.95833333 | V59: =+U59*O59 -> 14.375 | W59: =SUMIFS($AA59:$NZ59, $AA$8:$NZ$8, $W$13)/$O59 -> 0 | X59: =SUMIF($AA$9:$NZ$9, "<=" & $W$11,$AA59:$NZ59)/$O59 -> 1 | Y59: =+X59*O59 -> 15 | AK59: 5 | AL59: 5 | AM59: 5
B60: =+B59 -> 2 | C60: =+C59 -> 4 | D60: =+D59+1 -> 3 | E60: =B60&"."&C60&"."&D60 -> 2.4.3 | F60: 3.OG | O60: =+SUM(O61:O63) -> 72 | P60: =+SUM(P61:P63) -> 72 | Q60: =+O60-P60 -> 0 | T60: =IF(S60<>"",IF($Z$9="x",WORKDAY(IF(WEEKDAY(R60,1)=7,R60+2,IF(WEEKDAY(R60,1)=1,R60+1,R60)),S60-1),R60+S60-1),"") | U60: =+SUMPRODUCT(U61:U63,O61:O63)/O60 -> 0.68894009 | V60: =+U60*O60 -> 49.603687 | W60: =SUMIFS($AA60:$NZ60, $AA$8:$NZ$8, $W$13)/$O60 -> 0 | X60: =SUMIF($AA$9:$NZ$9, "<=" & $W$11,$AA60:$NZ60)/$O60 -> 0 | Y60: =+X60*O60 -> 0
B61: =+B60 -> 2 | C61: =+C60 -> 4 | D61: =+D60+1 -> 4 | E61: 2.4.3.1 | F61: New Design - Coordination with Roofing (NTA) | H61: MYA | P61: =+SUM(AA61:NZ61) -> 0 | Q61: =+O61-P61 -> 0 | T61: =IF(S61<>"",IF($Z$9="x",WORKDAY(IF(WEEKDAY(R61,1)=7,R61+2,IF(WEEKDAY(R61,1)=1,R61+1,R61)),S61-1),R61+S61-1),"") | V61: =+U61*O61 -> 0 | Y61: =+X61*O61 -> 0
B62: =+B61 -> 2 | C62: =+C61 -> 4 | D62: =+D61+1 -> 5 | E62: 2.4.3.2 | F62: 3.OG Attika (West) | G62: 2.3 | H62: MYA | I62: C | J62: 28 | K62: 16 | L62: =+J62-K62 -> 12 | M62: 3 | N62: 12 | O62: =+N62*M62 -> 36 | P62: =+SUM(AA62:NZ62) -> 36 | Q62: =+O62-P62 -> 0 | R62: 45999 | S62: 74 | T62: =IF(S62<>"",IF($Z$9="x",WORKDAY(IF(WEEKDAY(R62,1)=7,R62+2,IF(WEEKDAY(R62,1)=1,R62+1,R62)),S62-1),R62+S62-1),"") -> 46100 | U62: =+K62/J62 -> 0.57142857 | V62: =+U62*O62 -> 20.571429 | W62: =SUMIFS($AA62:$NZ62, $AA$8:$NZ$8, $W$13)/$O62 -> 0 | X62: =SUMIF($AA$9:$NZ$9, "<=" & $W$11,$AA62:$NZ62)/$O62 -> 0.91666667 | Y62: =+X62*O62 -> 33 | AO62: 3 | AP62: 3 | AQ62: 3 | AR62: 3 | AS62: 3 | AT62: 3 | AV62: 3 | AW62: 3 | AX62: 3 | AY62: 3 | AZ62: 3 | BA62: 0 | EL62: 3
B63: =+B62 -> 2 | C63: =+C62 -> 4 | D63: =+D62+1 -> 6 | E63: 2.4.3.3 | F63: 3.OG Attika (East) | G63: 2.3 | H63: MYA | I63: C | J63: 31 | K63: 25 | L63: =+J63-K63 -> 6 | M63: 3 | N63: 12 | O63: =+N63*M63 -> 36 | P63: =+SUM(AA63:NZ63) -> 36 | Q63: =+O63-P63 -> 0 | R63: 46034 | S63: 59 | T63: =IF(S63<>"",IF($Z$9="x",WORKDAY(IF(WEEKDAY(R63,1)=7,R63+2,IF(WEEKDAY(R63,1)=1,R63+1,R63)),S63-1),R63+S63-1),"") -> 46114 | U63: =+K63/J63 -> 0.80645161 | V63: =+U63*O63 -> 29.032258 | W63: =SUMIFS($AA63:$NZ63, $AA$8:$NZ$8, $W$13)/$O63 -> 0 | X63: =SUMIF($AA$9:$NZ$9, "<=" & $W$11,$AA63:$NZ63)/$O63 -> 0 | Y63: =+X63*O63 -> 0 | EM63: 3 | EN63: 3 | EP63: 3 | EQ63: 3 | ER63: 3 | ES63: 3 | ET63: 3 | EU63: 3 | EW63: 3 | EX63: 3 | EY63: 3 | EZ63: 3
B64: =+B63 -> 2 | C64: =+C63+1 -> 5 | D64: 0 | E64: =B64&"."&C64&"."&D64 -> 2.5.0 | F64: Steel substructure for ceramic tile installation (NTA) | H64: MYA | I64: C | J64: 2 | K64: 2 | L64: =+J64-K64 -> 0 | M64: 4 | N64: 4 | O64: =+N64*M64 -> 16 | R64: 45988 | S64: 2 | T64: =IF(S64<>"",IF($Z$9="x",WORKDAY(IF(WEEKDAY(R64,1)=7,R64+2,IF(WEEKDAY(R64,1)=1,R64+1,R64)),S64-1),R64+S64-1),"") -> 45989 | U64: =+K64/J64 -> 1 | V64: =+U64*O64 -> 16 | W64: =SUMIFS($AA64:$NZ64, $AA$8:$NZ$8, $W$13)/$O64 -> 0 | X64: =SUMIF($AA$9:$NZ$9, "<=" & $W$11,$AA64:$NZ64)/$O64 -> 0.75 | Y64: =+X64*O64 -> 12 | AD64: 4 | AE64: 4 | AF64: 4
B65: =+B64 -> 2 | C65: =+C64+1 -> 6 | D65: 0 | E65: =B65&"."&C65&"."&D65 -> 2.6.0 | F65: FT-12 - Canopy (Pullman) | O65: =SUM(O66:O68) -> 132 | T65: =IF(S65<>"",IF($Z$9="x",WORKDAY(IF(WEEKDAY(R65,1)=7,R65+2,IF(WEEKDAY(R65,1)=1,R65+1,R65)),S65-1),R65+S65-1),"") | U65: =+SUMPRODUCT(U66:U68,O66:O68)/O65 -> 0 | V65: =+U65*O65 -> 0 | W65: =SUMIFS($AA65:$NZ65, $AA$8:$NZ$8, $W$13)/$O65 -> 0 | X65: =SUMIF($AA$9:$NZ$9, "<=" & $W$11,$AA65:$NZ65)/$O65 -> 0 | Y65: =+X65*O65 -> 0
B66: =+B65 -> 2 | C66: =+C65 -> 6 | D66: =+D65+1 -> 1 | E66: =B66&"."&C66&"."&D66 -> 2.6.1 | F66: Steel installation | G66: 2,3,4 | H66: MYA | I66: B | J66: 40 | K66: 0 | L66: =+J66-K66 -> 40 | M66: 5 | N66: 12 | O66: =+N66*M66 -> 60 | P66: =+SUM(AA66:NZ66) -> 60 | Q66: =+O66-P66 -> 0 | R66: 46083 | S66: 10 | T66: =IF(S66<>"",IF($Z$9="x",WORKDAY(IF(WEEKDAY(R66,1)=7,R66+2,IF(WEEKDAY(R66,1)=1,R66+1,R66)),S66-1),R66+S66-1),"") -> 46094 | U66: =+K66/J66 -> 0 | V66: =+U66*O66 -> 0 | W66: =SUMIFS($AA66:$NZ66, $AA$8:$NZ$8, $W$13)/$O66 -> 0 | X66: =SUMIF($AA$9:$NZ$9, "<=" & $W$11,$AA66:$NZ66)/$O66 -> 0 | Y66: =+X66*O66 -> 0 | DU66: 5 | DV66: 5 | DW66: 5 | DX66: 5 | DY66: 5 | DZ66: 5 | EB66: 5 | EC66: 5 | ED66: 5 | EE66: 5 | EF66: 5 | EG66: 5
B67: =+B66 -> 2 | C67: =+C66 -> 6 | D67: =+D66+1 -> 2 | E67: =B67&"."&C67&"."&D67 -> 2.6.2 | F67: Aluminium Substructure | G67: 2,3,4 | H67: MYA | I67: B | J67: 105 | K67: 0 | L67: =+J67-K67 -> 105 | M67: 4 | N67: 12 | O67: =+N67*M67 -> 48 | P67: =+SUM(AA67:NZ67) -> 48 | Q67: =+O67-P67 -> 0 | R67: =+R66+14 -> 46097 | S67: 10 | T67: =IF(S67<>"",IF($Z$9="x",WORKDAY(IF(WEEKDAY(R67,1)=7,R67+2,IF(WEEKDAY(R67,1)=1,R67+1,R67)),S67-1),R67+S67-1),"") -> 46108 | U67: =+K67/J67 -> 0 | V67: =+U67*O67 -> 0 | W67: =SUMIFS($AA67:$NZ67, $AA$8:$NZ$8, $W$13)/$O67 -> 0 | X67: =SUMIF($AA$9:$NZ$9, "<=" & $W$11,$AA67:$NZ67)/$O67 -> 0 | Y67: =+X67*O67 -> 0 | EI67: 4 | EJ67: 4 | EK67: 4 | EL67: 4 | EM67: 4 | EN67: 4 | EP67: 4 | EQ67: 4 | ER67: 4 | ES67: 4 | ET67: 4 | EU67: 4
B68: =+B67 -> 2 | C68: =+C67 -> 6 | D68: =+D67+1 -> 3 | E68: =B68&"."&C68&"."&D68 -> 2.6.3 | F68: Aluminium Cladding | G68: 2,3,4 | H68: MYA | I68: B | J68: 143 | K68: 0 | L68: =+J68-K68 -> 143 | M68: 4 | N68: 6 | O68: =+N68*M68 -> 24 | P68: =+SUM(AA68:NZ68) -> 24 | Q68: =+O68-P68 -> 0 | R68: =+R67+7 -> 46104 | S68: 5 | T68: =IF(S68<>"",IF($Z$9="x",WORKDAY(IF(WEEKDAY(R68,1)=7,R68+2,IF(WEEKDAY(R68,1)=1,R68+1,R68)),S68-1),R68+S68-1),"") -> 46108 | U68: =+K68/J68 -> 0 | V68: =+U68*O68 -> 0 | W68: =SUMIFS($AA68:$NZ68, $AA$8:$NZ$8, $W$13)/$O68 -> 0 | X68: =SUMIF($AA$9:$NZ$9, "<=" & $W$11,$AA68:$NZ68)/$O68 -> 0 | Y68: =+X68*O68 -> 0 | EP68: 4 | EQ68: 4 | ER68: 4 | ES68: 4 | ET68: 4 | EU68: 4
B69: =+B68 -> 2 | C69: =+C68+1 -> 7 | D69: 0 | E69: =B69&"."&C69&"."&D69 -> 2.7.0 | F69: Dorma - Sliding door track installation (East) | H69: MYA | I69: B | J69: 1 | K69: 0 | L69: =+J69-K69 -> 1 | M69: 2 | N69: 3 | O69: =+N69*M69 -> 6 | T69: =IF(S69<>"",IF($Z$9="x",WORKDAY(IF(WEEKDAY(R69,1)=7,R69+2,IF(WEEKDAY(R69,1)=1,R69+1,R69)),S69-1),R69+S69-1),"") | U69: =+K69/J69 -> 0 | V69: =+U69*O69 -> 0 | W69: =SUMIFS($AA69:$NZ69, $AA$8:$NZ$8, $W$13)/$O69 -> 0 | X69: =SUMIF($AA$9:$NZ$9, "<=" & $W$11,$AA69:$NZ69)/$O69 -> 0 | Y69: =+X69*O69 -> 0
B70: =+B69 -> 2 | C70: =+C69+1 -> 8 | D70: 0 | E70: =B70&"."&C70&"."&D70 -> 2.8.0 | F70: FT14 Additional Spandrel Panel (NTA) | O70: =SUM(O72:O74) -> 10 | T70: =IF(S70<>"",IF($Z$9="x",WORKDAY(IF(WEEKDAY(R70,1)=7,R70+2,IF(WEEKDAY(R70,1)=1,R70+1,R70)),S70-1),R70+S70-1),"") | U70: =+SUMPRODUCT(U71:U74,O71:O74)/O70 -> 0 | V70: =+U70*O70 -> 0 | W70: =SUMIFS($AA70:$NZ70, $AA$8:$NZ$8, $W$13)/$O70 -> 0 | X70: =SUMIF($AA$9:$NZ$9, "<=" & $W$11,$AA70:$NZ70)/$O70 -> 0 | Y70: =+X70*O70 -> 0
B71: =+B70 -> 2 | C71: =+C70 -> 8 | D71: =+D70+1 -> 1 | E71: =B71&"."&C71&"."&D71 -> 2.8.1 | F71: New Design | H71: MYA | T71: =IF(S71<>"",IF($Z$9="x",WORKDAY(IF(WEEKDAY(R71,1)=7,R71+2,IF(WEEKDAY(R71,1)=1,R71+1,R71)),S71-1),R71+S71-1),"") | V71: =+U71*O71 -> 0
B72: =+B71 -> 2 | C72: =+C71 -> 8 | D72: =+D71+1 -> 2 | E72: =B72&"."&C72&"."&D72 -> 2.8.2 | F72: Approval by SOB / NTA Approval by URW | H72: SOB | T72: =IF(S72<>"",IF($Z$9="x",WORKDAY(IF(WEEKDAY(R72,1)=7,R72+2,IF(WEEKDAY(R72,1)=1,R72+1,R72)),S72-1),R72+S72-1),"") | V72: =+U72*O72 -> 0
B73: =+B72 -> 2 | C73: =+C72 -> 8 | D73: =+D72+1 -> 3 | E73: =B73&"."&C73&"."&D73 -> 2.8.3 | F73: Procurement + Manufacturing | H73: MYA | J73: 2 | K73: 0 | L73: =+J73-K73 -> 2 | O73: =+N73*M73 -> 0 | T73: =IF(S73<>"",IF($Z$9="x",WORKDAY(IF(WEEKDAY(R73,1)=7,R73+2,IF(WEEKDAY(R73,1)=1,R73+1,R73)),S73-1),R73+S73-1),"") | U73: =+K73/J73 -> 0 | V73: =+U73*O73 -> 0
B74: =+B73 -> 2 | C74: =+C73 -> 8 | D74: =+D73+1 -> 4 | E74: =B74&"."&C74&"."&D74 -> 2.8.4 | F74: Installation | G74: 1 | H74: MYA | I74: C | J74: 2 | K74: 0 | L74: =+J74-K74 -> 2 | M74: 2 | N74: 5 | O74: =+N74*M74 -> 10 | P74: =+SUM(AA74:NZ74) -> 10 | Q74: =+O74-P74 -> 0 | R74: 46125 | S74: 5 | T74: =IF(S74<>"",IF($Z$9="x",WORKDAY(IF(WEEKDAY(R74,1)=7,R74+2,IF(WEEKDAY(R74,1)=1,R74+1,R74)),S74-1),R74+S74-1),"") -> 46129 | U74: =+K74/J74 -> 0 | V74: =+U74*O74 -> 0 | W74: =SUMIFS($AA74:$NZ74, $AA$8:$NZ$8, $W$13)/$O74 -> 0 | X74: =SUMIF($AA$9:$NZ$9, "<=" & $W$11,$AA74:$NZ74)/$O74 -> 0 | Y74: =+X74*O74 -> 0 | FK74: 2 | FL74: 2 | FM74: 2 | FN74: 2 | FO74: 2
B75: =+B74 -> 2 | C75: =+C74+1 -> 9 | D75: 0 | E75: =B75&"."&C75&"."&D75 -> 2.9.0 | F75: Additional Vent backside of Louver E2S West (NTA) | O75: =SUM(O77:O79) -> 10 | T75: =IF(S75<>"",IF($Z$9="x",WORKDAY(IF(WEEKDAY(R75,1)=7,R75+2,IF(WEEKDAY(R75,1)=1,R75+1,R75)),S75-1),R75+S75-1),"") | U75: =+SUMPRODUCT(U76:U79,O76:O79)/O75 -> 0 | V75: =+U75*O75 -> 0 | W75: =SUMIFS($AA75:$NZ75, $AA$8:$NZ$8, $W$13)/$O75 -> 0 | X75: =SUMIF($AA$9:$NZ$9, "<=" & $W$11,$AA75:$NZ75)/$O75 -> 0 | Y75: =+X75*O75 -> 0
B76: =+B75 -> 2 | C76: =+C75 -> 9 | D76: =+D75+1 -> 1 | E76: =B76&"."&C76&"."&D76 -> 2.9.1 | F76: New Design | H76: MYA | T76: =IF(S76<>"",IF($Z$9="x",WORKDAY(IF(WEEKDAY(R76,1)=7,R76+2,IF(WEEKDAY(R76,1)=1,R76+1,R76)),S76-1),R76+S76-1),"") | V76: =+U76*O76 -> 0 | Y76: =+X76*O76 -> 0
B77: =+B76 -> 2 | C77: =+C76 -> 9 | D77: =+D76+1 -> 2 | E77: =B77&"."&C77&"."&D77 -> 2.9.2 | F77: Approval by SOB / NTA Approval by URW | H77: SOB | T77: =IF(S77<>"",IF($Z$9="x",WORKDAY(IF(WEEKDAY(R77,1)=7,R77+2,IF(WEEKDAY(R77,1)=1,R77+1,R77)),S77-1),R77+S77-1),"") | V77: =+U77*O77 -> 0 | Y77: =+X77*O77 -> 0
B78: =+B77 -> 2 | C78: =+C77 -> 9 | D78: =+D77+1 -> 3 | E78: =B78&"."&C78&"."&D78 -> 2.9.3 | F78: Procurement + Manufacturing | H78: MYA | J78: 2 | K78: 0 | L78: =+J78-K78 -> 2 | O78: =+N78*M78 -> 0 | P78: =+SUM(AA78:NZ78) -> 0 | Q78: =+O78-P78 -> 0 | T78: =IF(S78<>"",IF($Z$9="x",WORKDAY(IF(WEEKDAY(R78,1)=7,R78+2,IF(WEEKDAY(R78,1)=1,R78+1,R78)),S78-1),R78+S78-1),"") | U78: =+K78/J78 -> 0 | V78: =+U78*O78 -> 0 | Y78: =+X78*O78 -> 0
B79: =+B78 -> 2 | C79: =+C78 -> 9 | D79: =+D78+1 -> 4 | E79: =B79&"."&C79&"."&D79 -> 2.9.4 | F79: Installation | G79: 1.6 | H79: MYA | I79: C | J79: 2 | K79: 0 | L79: =+J79-K79 -> 2 | M79: 2 | N79: 5 | O79: =+N79*M79 -> 10 | P79: =+SUM(AA79:NZ79) -> 10 | Q79: =+O79-P79 -> 0 | R79: 46125 | S79: 5 | T79: =IF(S79<>"",IF($Z$9="x",WORKDAY(IF(WEEKDAY(R79,1)=7,R79+2,IF(WEEKDAY(R79,1)=1,R79+1,R79)),S79-1),R79+S79-1),"") -> 46129 | U79: =+K79/J79 -> 0 | V79: =+U79*O79 -> 0 | W79: =SUMIFS($AA79:$NZ79, $AA$8:$NZ$8, $W$13)/$O79 -> 0 | X79: =SUMIF($AA$9:$NZ$9, "<=" & $W$11,$AA79:$NZ79)/$O79 -> 0 | Y79: =+X79*O79 -> 0 | FK79: 2 | FL79: 2 | FM79: 2 | FN79: 2 | FO79: 2
B80: =+B79 -> 2 | C80: =+C79+1 -> 10 | D80: 0 | E80: =B80&"."&C80&"."&D80 -> 2.10.0 | F80: General – Glass replacement | H80: MYA | I80: B | J80: 36 | K80: 0 | L80: =+J80-K80 -> 36 | M80: 4 | N80: 12 | O80: =+N80*M80 -> 48 | T80: =IF(S80<>"",IF($Z$9="x",WORKDAY(IF(WEEKDAY(R80,1)=7,R80+2,IF(WEEKDAY(R80,1)=1,R80+1,R80)),S80-1),R80+S80-1),"") | U80: =+K80/J80 -> 0 | V80: =+U80*O80 -> 0 | W80: =SUMIFS($AA80:$NZ80, $AA$8:$NZ$8, $W$13)/$O80 -> 0 | X80: =SUMIF($AA$9:$NZ$9, "<=" & $W$11,$AA80:$NZ80)/$O80 -> 0 | Y80: =+X80*O80 -> 0
B81: =+B80 -> 2 | C81: =+C80+1 -> 11 | D81: 0 | E81: =B81&"."&C81&"."&D81 -> 2.11.0 | F81: Interkom Glasses (NTA) | H81: MYA | I81: C | J81: 6 | K81: 0 | L81: =+J81-K81 -> 6 | M81: 4 | N81: 6 | O81: =+N81*M81 -> 24 | T81: =IF(S81<>"",IF($Z$9="x",WORKDAY(IF(WEEKDAY(R81,1)=7,R81+2,IF(WEEKDAY(R81,1)=1,R81+1,R81)),S81-1),R81+S81-1),"") | U81: =+K81/J81 -> 0 | V81: =+U81*O81 -> 0 | W81: =SUMIFS($AA81:$NZ81, $AA$8:$NZ$8, $W$13)/$O81 -> 0 | X81: =SUMIF($AA$9:$NZ$9, "<=" & $W$11,$AA81:$NZ81)/$O81 -> 0 | Y81: =+X81*O81 -> 0
B82: =+B81 -> 2 | C82: =+C81+1 -> 12 | D82: 0 | E82: =B82&"."&C82&"."&D82 -> 2.12.0 | F82: FT-18 | O82: =SUM(O83:O85) -> 588 | T82: =IF(S82<>"",IF($Z$9="x",WORKDAY(IF(WEEKDAY(R82,1)=7,R82+2,IF(WEEKDAY(R82,1)=1,R82+1,R82)),S82-1),R82+S82-1),"") | U82: =+SUMPRODUCT(U83:U85,O83:O85)/O82 -> 0.019988817 | V82: =+U82*O82 -> 11.753425 | W82: =SUMIFS($AA82:$NZ82, $AA$8:$NZ$8, $W$13)/$O82 -> 0 | X82: =SUMIF($AA$9:$NZ$9, "<=" & $W$11,$AA82:$NZ82)/$O82 -> 0 | Y82: =+X82*O82 -> 0
B83: =+B82 -> 2 | C83: =+C82 -> 12 | D83: =+D82+1 -> 1 | E83: =B83&"."&C83&"."&D83 -> 2.12.1 | F83: Module Installation | G83: 2.6 | H83: MYA | I83: B | J83: 146 | K83: 143 | L83: =+J83-K83 -> 3 | M83: 4 | N83: 3 | O83: =+N83*M83 -> 12 | P83: =+SUM(AA83:NZ83) -> 12 | Q83: =+O83-P83 -> 0 | R83: 46107 | S83: 2 | T83: =IF(S83<>"",IF($Z$9="x",WORKDAY(IF(WEEKDAY(R83,1)=7,R83+2,IF(WEEKDAY(R83,1)=1,R83+1,R83)),S83-1),R83+S83-1),"") -> 46108 | U83: =+K83/J83 -> 0.97945205 | V83: =+U83*O83 -> 11.753425 | W83: =SUMIFS($AA83:$NZ83, $AA$8:$NZ$8, $W$13)/$O83 -> 0 | X83: =SUMIF($AA$9:$NZ$9, "<=" & $W$11,$AA83:$NZ83)/$O83 -> 0 | Y83: =+X83*O83 -> 0 | ES83: 4 | ET83: 4 | EU83: 4
B84: =+B83 -> 2 | C84: =+C83 -> 12 | D84: =+D83+1 -> 2 | E84: =B84&"."&C84&"."&D84 -> 2.12.2 | F84: Paint repair and bolt replacement | G84: 2.5 | H84: MYA | I84: A | J84: 1 | K84: 0 | L84: =+J84-K84 -> 1 | M84: 10 | N84: 48 | O84: =+N84*M84 -> 480 | P84: =+SUM(AA84:NZ84) -> 480 | Q84: =+O84-P84 -> 0 | R84: 46055 | S84: 40 | T84: =IF(S84<>"",IF($Z$9="x",WORKDAY(IF(WEEKDAY(R84,1)=7,R84+2,IF(WEEKDAY(R84,1)=1,R84+1,R84)),S84-1),R84+S84-1),"") -> 46108 | U84: =+K84/J84 -> 0 | V84: =+U84*O84 -> 0 | W84: =SUMIFS($AA84:$NZ84, $AA$8:$NZ$8, $W$13)/$O84 -> 0 | X84: =SUMIF($AA$9:$NZ$9, "<=" & $W$11,$AA84:$NZ84)/$O84 -> 0 | Y84: =+X84*O84 -> 0 | CS84: 10 | CT84: 10 | CU84: 10 | CV84: 10 | CW84: 10 | CX84: 10 | CZ84: 10 | DA84: 10 | DB84: 10 | DC84: 10 | DD84: 10 | DE84: 10 | DG84: 10 | DH84: 10 | DI84: 10 | DJ84: 10 | DK84: 10 | DL84: 10 | DN84: 10 | DO84: 10 | DP84: 10 | DQ84: 10 | DR84: 10 | DS84: 10 | DU84: 10 | DV84: 10 | DW84: 10 | DX84: 10 | DY84: 10 | DZ84: 10 | EB84: 10 | EC84: 10 | ED84: 10 | EE84: 10 | EF84: 10 | EG84: 10 | EI84: 10 | EJ84: 10 | EK84: 10 | EL84: 10 | EM84: 10 | EN84: 10 | EP84: 10 | EQ84: 10 | ER84: 10 | ES84: 10 | ET84: 10 | EU84: 10
B85: =+B84 -> 2 | C85: =+C84 -> 12 | D85: =+D84+1 -> 3 | E85: =B85&"."&C85&"."&D85 -> 2.12.3 | F85: Trapezoidal sheet installation | G85: 2.5 | H85: MYA | I85: B | J85: 265 | K85: 0 | L85: =+J85-K85 -> 265 | M85: 4 | N85: 24 | O85: =+N85*M85 -> 96 | P85: =+SUM(AA85:NZ85) -> 96 | Q85: =+O85-P85 -> 0 | R85: 46097 | S85: 10 | T85: =IF(S85<>"",IF($Z$9="x",WORKDAY(IF(WEEKDAY(R85,1)=7,R85+2,IF(WEEKDAY(R85,1)=1,R85+1,R85)),S85-1),R85+S85-1),"") -> 46108 | U85: =+K85/J85 -> 0 | V85: =+U85*O85 -> 0 | W85: =SUMIFS($AA85:$NZ85, $AA$8:$NZ$8, $W$13)/$O85 -> 0 | X85: =SUMIF($AA$9:$NZ$9, "<=" & $W$11,$AA85:$NZ85)/$O85 -> 0 | Y85: =+X85*O85 -> 0 | EI85: 8 | EJ85: 8 | EK85: 8 | EL85: 8 | EM85: 8 | EN85: 8 | EP85: 8 | EQ85: 8 | ER85: 8 | ES85: 8 | ET85: 8 | EU85: 8
B86: =+B85 -> 2 | C86: =+C85+1 -> 13 | D86: 0 | E86: =B86&"."&C86&"."&D86 -> 2.13.0 | F86: Doors | O86: =SUM(O87:O88) -> 48 | T86: =IF(S86<>"",IF($Z$9="x",WORKDAY(IF(WEEKDAY(R86,1)=7,R86+2,IF(WEEKDAY(R86,1)=1,R86+1,R86)),S86-1),R86+S86-1),"") | U86: =+SUMPRODUCT(U87:U88,O87:O88)/O86 -> 0 | V86: =+U86*O86 -> 0 | W86: =SUMIFS($AA86:$NZ86, $AA$8:$NZ$8, $W$13)/$O86 -> 0 | X86: =SUMIF($AA$9:$NZ$9, "<=" & $W$11,$AA86:$NZ86)/$O86 -> 0 | Y86: =+X86*O86 -> 0
B87: =+B86 -> 2 | C87: =+C86 -> 13 | D87: =+D86+1 -> 1 | E87: =B87&"."&C87&"."&D87 -> 2.13.1 | F87: Terminal Doors | G87: 2 | H87: MYA | I87: A | J87: 12 | K87: 0 | L87: =+J87-K87 -> 12 | M87: 4 | N87: 12 | O87: =+N87*M87 -> 48 | P87: =+SUM(AA87:NZ87) -> 0 | Q87: =+O87-P87 -> 48 | T87: =IF(S87<>"",IF($Z$9="x",WORKDAY(IF(WEEKDAY(R87,1)=7,R87+2,IF(WEEKDAY(R87,1)=1,R87+1,R87)),S87-1),R87+S87-1),"") | U87: =+K87/J87 -> 0 | V87: =+U87*O87 -> 0 | W87: =SUMIFS($AA87:$NZ87, $AA$8:$NZ$8, $W$13)/$O87 -> 0 | X87: =SUMIF($AA$9:$NZ$9, "<=" & $W$11,$AA87:$NZ87)/$O87 -> 0 | Y87: =+X87*O87 -> 0
B88: =+B87 -> 2 | C88: =+C87 -> 13 | D88: =+D87+1 -> 2 | E88: =B88&"."&C88&"."&D88 -> 2.13.2 | F88: Hotel Doors | G88: 2 | H88: MYA | I88: A | J88: 1 | K88: 0 | L88: =+J88-K88 -> 1 | O88: =+N88*M88 -> 0 | P88: =+SUM(AA88:NZ88) -> 0 | Q88: =+O88-P88 -> 0 | T88: =IF(S88<>"",IF($Z$9="x",WORKDAY(IF(WEEKDAY(R88,1)=7,R88+2,IF(WEEKDAY(R88,1)=1,R88+1,R88)),S88-1),R88+S88-1),"") | U88: =+K88/J88 -> 0 | V88: =+U88*O88 -> 0 | Y88: =+X88*O88 -> 0
T89: =IF(S89<>"",IF($Z$9="x",WORKDAY(IF(WEEKDAY(R89,1)=7,R89+2,IF(WEEKDAY(R89,1)=1,R89+1,R89)),S89-1),R89+S89-1),"") | V89: =+U89*O89 -> 0 | Y89: =+X89*O89 -> 0
B90: =+B58+1 -> 3 | C90: 0 | D90: 0 | E90: =B90&"."&C90&"."&D90 -> 3.0.0 | F90: E2S Inenhof | O90: =+SUM(O91,O96,O99,O105,O112,O120) -> 936 | T90: =+MAX(T91:T124) -> 46171 | U90: =+SUM(O91*U91,O96*U96,O99*U99,O105*U105,O112*U112,O120*U120)/O90 -> 0 | V90: =+U90*O90 -> 0 | Y90: =+X90*O90 -> 0
B91: =+B90 -> 3 | C91: =+C90+1 -> 1 | D91: 0 | E91: =B91&"."&C91&"."&D91 -> 3.1.0 | F91: WT-04 | O91: =SUM(O92:O95) -> 108 | T91: =IF(S91<>"",IF($Z$9="x",WORKDAY(IF(WEEKDAY(R91,1)=7,R91+2,IF(WEEKDAY(R91,1)=1,R91+1,R91)),S91-1),R91+S91-1),"") | U91: =+SUMPRODUCT(U92:U95,O92:O95)/O91 -> 0 | V91: =+U91*O91 -> 0 | W91: =SUMIFS($AA91:$NZ91, $AA$8:$NZ$8, $W$13)/$O91 -> 0 | X91: =SUMIF($AA$9:$NZ$9, "<=" & $W$11,$AA91:$NZ91)/$O91 -> 0 | Y91: =+X91*O91 -> 0
B92: =+B91 -> 3 | C92: =+C91 -> 1 | D92: =+D91+1 -> 1 | E92: =B92&"."&C92&"."&D92 -> 3.1.1 | F92: Schüco adaptör profile | G92: 2.6 | H92: MYA | I92: A | J92: 62 | K92: 0 | L92: =+J92-K92 -> 62 | M92: 2 | N92: 18 | O92: =+N92*M92 -> 36 | P92: =+SUM(AA92:NZ92) -> 36 | Q92: =+O92-P92 -> 0 | R92: 46069 | S92: 15 | T92: =IF(S92<>"",IF($Z$9="x",WORKDAY(IF(WEEKDAY(R92,1)=7,R92+2,IF(WEEKDAY(R92,1)=1,R92+1,R92)),S92-1),R92+S92-1),"") -> 46087 | U92: =+K92/J92 -> 0 | V92: =+U92*O92 -> 0 | W92: =SUMIFS($AA92:$NZ92, $AA$8:$NZ$8, $W$13)/$O92 -> 0 | X92: =SUMIF($AA$9:$NZ$9, "<=" & $W$11,$AA92:$NZ92)/$O92 -> 0 | Y92: =+X92*O92 -> 0 | DG92: 2 | DH92: 2 | DI92: 2 | DJ92: 2 | DK92: 2 | DL92: 2 | DN92: 2 | DO92: 2 | DP92: 2 | DQ92: 2 | DR92: 2 | DS92: 2 | DU92: 2 | DV92: 2 | DW92: 2 | DX92: 2 | DY92: 2 | DZ92: 2
B93: =+B92 -> 3 | C93: =+C92 -> 1 | D93: =+D92+1 -> 2 | E93: =B93&"."&C93&"."&D93 -> 3.1.2 | F93: Stone Installation | G93: 2.6 | H93: MYA | I93: A | J93: 53 | K93: 0 | L93: =+J93-K93 -> 53 | M93: 4 | N93: 6 | O93: =+N93*M93 -> 24 | P93: =+SUM(AA93:NZ93) -> 24 | Q93: =+O93-P93 -> 0 | R93: =+R92 -> 46069 | S93: 5 | T93: =IF(S93<>"",IF($Z$9="x",WORKDAY(IF(WEEKDAY(R93,1)=7,R93+2,IF(WEEKDAY(R93,1)=1,R93+1,R93)),S93-1),R93+S93-1),"") -> 46073 | U93: =+K93/J93 -> 0 | V93: =+U93*O93 -> 0 | W93: =SUMIFS($AA93:$NZ93, $AA$8:$NZ$8, $W$13)/$O93 -> 0 | X93: =SUMIF($AA$9:$NZ$9, "<=" & $W$11,$AA93:$NZ93)/$O93 -> 0 | Y93: =+X93*O93 -> 0 | DG93: 4 | DH93: 4 | DI93: 4 | DJ93: 4 | DK93: 4 | DL93: 4
B94: =+B93 -> 3 | C94: =+C93 -> 1 | D94: =+D93+1 -> 3 | E94: =B94&"."&C94&"."&D94 -> 3.1.3 | F94: Glass installation | G94: 2.6 | H94: MYA | I94: A | J94: 5 | K94: 0 | L94: =+J94-K94 -> 5 | M94: 4 | N94: 6 | O94: =+N94*M94 -> 24 | P94: =+SUM(AA94:NZ94) -> 24 | Q94: =+O94-P94 -> 0 | R94: 46076 | S94: 5 | T94: =IF(S94<>"",IF($Z$9="x",WORKDAY(IF(WEEKDAY(R94,1)=7,R94+2,IF(WEEKDAY(R94,1)=1,R94+1,R94)),S94-1),R94+S94-1),"") -> 46080 | U94: =+K94/J94 -> 0 | V94: =+U94*O94 -> 0 | W94: =SUMIFS($AA94:$NZ94, $AA$8:$NZ$8, $W$13)/$O94 -> 0 | X94: =SUMIF($AA$9:$NZ$9, "<=" & $W$11,$AA94:$NZ94)/$O94 -> 0 | Y94: =+X94*O94 -> 0 | DN94: 4 | DO94: 4 | DP94: 4 | DQ94: 4 | DR94: 4 | DS94: 4
B95: =+B94 -> 3 | C95: =+C94 -> 1 | D95: =+D94+1 -> 4 | E95: =B95&"."&C95&"."&D95 -> 3.1.4 | F95: Cocoon-Coordination* Depending on them | G95: 2.6 | H95: MYA | I95: A | J95: 1 | K95: 0 | L95: =+J95-K95 -> 1 | M95: 2 | N95: 12 | O95: =+N95*M95 -> 24 | P95: =+SUM(AA95:NZ95) -> 6 | Q95: =+O95-P95 -> 18 | T95: =IF(S95<>"",IF($Z$9="x",WORKDAY(IF(WEEKDAY(R95,1)=7,R95+2,IF(WEEKDAY(R95,1)=1,R95+1,R95)),S95-1),R95+S95-1),"") | U95: =+K95/J95 -> 0 | V95: =+U95*O95 -> 0 | W95: =SUMIFS($AA95:$NZ95, $AA$8:$NZ$8, $W$13)/$O95 -> 0 | X95: =SUMIF($AA$9:$NZ$9, "<=" & $W$11,$AA95:$NZ95)/$O95 -> 0.25 | Y95: =+X95*O95 -> 6 | AA95: 2 | AB95: 2 | AC95: 2
B96: =+B94 -> 3 | C96: =+C94+1 -> 2 | D96: 0 | E96: =B96&"."&C96&"."&D96 -> 3.2.0 | F96: WT-1.5 | O96: =SUM(O97:O98) -> 12 | T96: =IF(S96<>"",IF($Z$9="x",WORKDAY(IF(WEEKDAY(R96,1)=7,R96+2,IF(WEEKDAY(R96,1)=1,R96+1,R96)),S96-1),R96+S96-1),"") | U96: =+SUMPRODUCT(U97:U98,O97:O98)/O96 -> 0 | V96: =+U96*O96 -> 0 | W96: =SUMIFS($AA96:$NZ96, $AA$8:$NZ$8, $W$13)/$O96 -> 0 | X96: =SUMIF($AA$9:$NZ$9, "<=" & $W$11,$AA96:$NZ96)/$O96 -> 0 | Y96: =+X96*O96 -> 0
B97: =+B96 -> 3 | C97: =+C96 -> 2 | D97: =+D96+1 -> 1 | E97: =B97&"."&C97&"."&D97 -> 3.2.1 | F97: Mängel (Galvanized sheet end Membran) (West) | G97: 2.6 | H97: MYA | I97: A | J97: 33 | K97: 33 | L97: =+J97-K97 -> 0 | M97: 0 | N97: 0 | O97: =+N97*M97 -> 0 | P97: =+SUM(AA97:NZ97) -> 0 | Q97: =+O97-P97 -> 0 | T97: =IF(S97<>"",IF($Z$9="x",WORKDAY(IF(WEEKDAY(R97,1)=7,R97+2,IF(WEEKDAY(R97,1)=1,R97+1,R97)),S97-1),R97+S97-1),"") | U97: =+K97/J97 -> 1 | V97: =+U97*O97 -> 0 | Y97: =+X97*O97 -> 0
B98: =+B97 -> 3 | C98: =+C97 -> 2 | D98: =+D97+1 -> 2 | E98: =B98&"."&C98&"."&D98 -> 3.2.2 | F98: Schüco adaptör profile | G98: 2.6 | H98: MYA | I98: A | J98: 18 | K98: 0 | L98: =+J98-K98 -> 18 | M98: 2 | N98: 6 | O98: =+N98*M98 -> 12 | P98: =+SUM(AA98:NZ98) -> 12 | Q98: =+O98-P98 -> 0 | R98: 46097 | S98: 5 | T98: =IF(S98<>"",IF($Z$9="x",WORKDAY(IF(WEEKDAY(R98,1)=7,R98+2,IF(WEEKDAY(R98,1)=1,R98+1,R98)),S98-1),R98+S98-1),"") -> 46101 | U98: =+K98/J98 -> 0 | V98: =+U98*O98 -> 0 | W98: =SUMIFS($AA98:$NZ98, $AA$8:$NZ$8, $W$13)/$O98 -> 0 | X98: =SUMIF($AA$9:$NZ$9, "<=" & $W$11,$AA98:$NZ98)/$O98 -> 0 | Y98: =+X98*O98 -> 0 | EI98: 2 | EJ98: 2 | EK98: 2 | EL98: 2 | EM98: 2 | EN98: 2
B99: =+B97 -> 3 | C99: =+C97+1 -> 3 | D99: 0 | E99: =B99&"."&C99&"."&D99 -> 3.3.0 | F99: FT-03 | O99: =SUM(O100:O104) -> 186 | T99: =IF(S99<>"",IF($Z$9="x",WORKDAY(IF(WEEKDAY(R99,1)=7,R99+2,IF(WEEKDAY(R99,1)=1,R99+1,R99)),S99-1),R99+S99-1),"") | U99: =+SUMPRODUCT(U100:U104,O100:O104)/O99 -> 0 | V99: =+U99*O99 -> 0 | W99: =SUMIFS($AA99:$NZ99, $AA$8:$NZ$8, $W$13)/$O99 -> 0 | X99: =SUMIF($AA$9:$NZ$9, "<=" & $W$11,$AA99:$NZ99)/$O99 -> 0 | Y99: =+X99*O99 -> 0
B100: =+B99 -> 3 | C100: =+C99 -> 3 | D100: =+D99+1 -> 1 | E100: =B100&"."&C100&"."&D100 -> 3.3.1 | F100: Phonotherm structural board + Flashing Installation. | G100: 2 | H100: MYA | I100: B | J100: 107 | K100: 0 | L100: =+J100-K100 -> 107 | M100: 2 | N100: 18 | O100: =+N100*M100 -> 36 | P100: =+SUM(AA100:NZ100) -> 36 | Q100: =+O100-P100 -> 0 | R100: 46097 | S100: 15 | T100: =IF(S100<>"",IF($Z$9="x",WORKDAY(IF(WEEKDAY(R100,1)=7,R100+2,IF(WEEKDAY(R100,1)=1,R100+1,R100)),S100-1),R100+S100-1),"") -> 46115 | U100: =+K100/J100 -> 0 | V100: =+U100*O100 -> 0 | W100: =SUMIFS($AA100:$NZ100, $AA$8:$NZ$8, $W$13)/$O100 -> 0 | X100: =SUMIF($AA$9:$NZ$9, "<=" & $W$11,$AA100:$NZ100)/$O100 -> 0 | Y100: =+X100*O100 -> 0 | EI100: 2 | EJ100: 2 | EK100: 2 | EL100: 2 | EM100: 2 | EN100: 2 | EP100: 2 | EQ100: 2 | ER100: 2 | ES100: 2 | ET100: 2 | EU100: 2 | EW100: 2 | EX100: 2 | EY100: 2 | EZ100: 2 | FA100: 2 | FB100: 2
B101: =+B100 -> 3 | C101: =+C100 -> 3 | D101: =+D100+1 -> 2 | E101: =B101&"."&C101&"."&D101 -> 3.3.2 | F101: Glass Installation - Pressure + Cover | G101: 1,2,7,8 | H101: MYA | I101: B | J101: 27 | K101: 0 | L101: =+J101-K101 -> 27 | M101: 5 | N101: 6 | O101: =+N101*M101 -> 30 | P101: =+SUM(AA101:NZ101) -> 30 | Q101: =+O101-P101 -> 0 | R101: 46111 | S101: 5 | T101: =IF(S101<>"",IF($Z$9="x",WORKDAY(IF(WEEKDAY(R101,1)=7,R101+2,IF(WEEKDAY(R101,1)=1,R101+1,R101)),S101-1),R101+S101-1),"") -> 46115 | U101: =+K101/J101 -> 0 | V101: =+U101*O101 -> 0 | W101: =SUMIFS($AA101:$NZ101, $AA$8:$NZ$8, $W$13)/$O101 -> 0 | X101: =SUMIF($AA$9:$NZ$9, "<=" & $W$11,$AA101:$NZ101)/$O101 -> 0 | Y101: =+X101*O101 -> 0 | EW101: 5 | EX101: 5 | EY101: 5 | EZ101: 5 | FA101: 5 | FB101: 5
B102: =+B101 -> 3 | C102: =+C101 -> 3 | D102: =+D101+1 -> 3 | E102: =B102&"."&C102&"."&D102 -> 3.3.3 | F102: Aluminum sheet under the console end ceramic back, steel construction (East-West) | G102: 2,6,7,8 | H102: MYA | I102: B | J102: 38 | K102: 0 | L102: =+J102-K102 -> 38 | M102: 4 | N102: 24 | O102: =+N102*M102 -> 96 | P102: =+SUM(AA102:NZ102) -> 96 | Q102: =+O102-P102 -> 0 | R102: 46083 | S102: 10 | T102: =IF(S102<>"",IF($Z$9="x",WORKDAY(IF(WEEKDAY(R102,1)=7,R102+2,IF(WEEKDAY(R102,1)=1,R102+1,R102)),S102-1),R102+S102-1),"") -> 46094 | U102: =+K102/J102 -> 0 | V102: =+U102*O102 -> 0 | W102: =SUMIFS($AA102:$NZ102, $AA$8:$NZ$8, $W$13)/$O102 -> 0 | X102: =SUMIF($AA$9:$NZ$9, "<=" & $W$11,$AA102:$NZ102)/$O102 -> 0 | Y102: =+X102*O102 -> 0 | DU102: 8 | DV102: 8 | DW102: 8 | DX102: 8 | DY102: 8 | DZ102: 8 | EB102: 8 | EC102: 8 | ED102: 8 | EE102: 8 | EF102: 8 | EG102: 8
B103: =+B102 -> 3 | C103: =+C102 -> 3 | D103: =+D102+1 -> 4 | E103: =B103&"."&C103&"."&D103 -> 3.3.4 | F103: Top Finish Attika (Anc+Const.+Membr+Sheet) (North) | G103: 2 | H103: MYA | I103: B | J103: 39 | K103: 0 | L103: =+J103-K103 -> 39 | M103: 2 | N103: 6 | O103: =+N103*M103 -> 12 | P103: =+SUM(AA103:NZ103) -> 12 | Q103: =+O103-P103 -> 0 | R103: 46104 | S103: 8 | T103: =IF(S103<>"",IF($Z$9="x",WORKDAY(IF(WEEKDAY(R103,1)=7,R103+2,IF(WEEKDAY(R103,1)=1,R103+1,R103)),S103-1),R103+S103-1),"") -> 46113 | U103: =+K103/J103 -> 0 | V103: =+U103*O103 -> 0 | W103: =SUMIFS($AA103:$NZ103, $AA$8:$NZ$8, $W$13)/$O103 -> 0 | X103: =SUMIF($AA$9:$NZ$9, "<=" & $W$11,$AA103:$NZ103)/$O103 -> 0 | Y103: =+X103*O103 -> 0 | EP103: 2 | EQ103: 2 | ER103: 2 | EW103: 2 | EX103: 2 | EY103: 2
...

Sheet Prerequisites
B4: Prerequisites
B5: 1 | C5: Interior Access (Inc. Electricity + HSE Conditions)
B6: =+B5+1 -> 2 | C6: Exterior Access
B7: =+B6+1 -> 3 | C7: Exterior Manlift Access
B8: =+B7+1 -> 4 | C8: Tower Crane Lifting
B9: =+B8+1 -> 5 | C9: Scafolding Build-Up Allowance
B10: =+B9+1 -> 6 | C10: Massive Scafolding
B11: =+B10+1 -> 7 | C11: Scafolding Removal
B12: =+B11+1 -> 8 | C12: Tower Crane Material Transport to Innenhof
B13: =+B12+1 -> 9
B14: =+B13+1 -> 10
B15: =+B14+1 -> 11
B16: =+B15+1 -> 12
B17: =+B16+1 -> 13
B18: =+B17+1 -> 14
B19: =+B18+1 -> 15
B20: =+B19+1 -> 16
B21: =+B20+1 -> 17
B22: =+B21+1 -> 18
B23: =+B22+1 -> 19
B24: =+B23+1 -> 20
